"Name","Commit","Runtime","GitHub","Group","Hostname","Notes","GPU Type","GPU Count","Tags","_name_or_path","architectures","attention_probs_dropout_prob","hidden_act","hidden_dropout_prob","hidden_size","intermediate_size","layer_norm_eps","max_position_embeddings","model/num_parameters","num_attention_heads","num_hidden_layers","output_dir","per_device_eval_batch_size","per_device_train_batch_size","run_name","save_total_limit","torch_dtype","eval/accuracy","eval/f1","eval/loss","eval/precision","eval/recall","eval/runtime","eval/samples_per_second","eval/steps_per_second","total_flos","train/global_step","train/grad_norm","train/learning_rate","train/loss","train_loss","train_runtime","train_samples_per_second","train_steps_per_second"
"malberta-d9ddb5F9A0","47316c7189787db1ef308e451dc372abc9ed2af5","5661","https://github.com/Henry-Ash-Williams/MalBERT/tree/47316c7189787db1ef308e451dc372abc9ed2af5","partially-obfuscated-benign","artemis-a40-14.local","-","NVIDIA A40","1","classifier-from-pretrained-with-frozen-attention","/mnt/lustre/scratch/inf/hw452/malberta-models/pretrain_1830456/","[""RobertaForMaskedLM""]","0.001","gelu_new","0.01","512","2048","0.01","34","23011330","4","7","/mnt/lustre/scratch/inf/hw452/malberta-models/classifier_1830841/","256","128","/mnt/lustre/scratch/inf/hw452/malberta-models/classifier_1830841/","1","float32","0.8052877196325757","0.7987932076915857","0.4137193262577057","0.8168935247347647","0.8052877196325757","953.096","4789.964","18.712","79519710113027710","144894","1.240356206893921","3.2782585890375034e-8","0.4074","0.41454901162053703","5648.675","3283.304","25.651"
"malberta-ED5e3f01a5","47316c7189787db1ef308e451dc372abc9ed2af5","11987","https://github.com/Henry-Ash-Williams/MalBERT/tree/47316c7189787db1ef308e451dc372abc9ed2af5","partially-obfuscated-benign","artemis-a40-14.local","-","NVIDIA A40","1","classifier-from-pretrained","/mnt/lustre/scratch/inf/hw452/malberta-models/pretrain_1830456/","[""RobertaForMaskedLM""]","0.001","gelu_new","0.01","512","2048","0.01","34","23011330","4","7","/mnt/lustre/scratch/inf/hw452/malberta-models/classifier_1830840/","256","128","/mnt/lustre/scratch/inf/hw452/malberta-models/classifier_1830840/","1","float32","0.849438426213421","0.8480916453317823","0.3310638666152954","0.850269791970025","0.849438426213421","1122.7938","4066.014","15.884","79519710113027710","144894","1.1218522787094116","3.2782585890375034e-8","0.2853","0.30719494987149853","11973.9911","1548.884","12.101"
"malberta-2640Fc8F11","47316c7189787db1ef308e451dc372abc9ed2af5","11451","https://github.com/Henry-Ash-Williams/MalBERT/tree/47316c7189787db1ef308e451dc372abc9ed2af5","partially-obfuscated-benign","artemis-a40-01.local","-","NVIDIA A40","1","classifier-from-scratch","","","0.001","gelu_new","0.01","512","2048","0.01","34","23011330","4","7","/mnt/lustre/scratch/inf/hw452/malberta-models/classifier_1830457/","256","128","/mnt/lustre/scratch/inf/hw452/malberta-models/classifier_1830457/","1","","0.8282468055185919","0.8256152081051288","0.3667301833629608","0.8310181936140607","0.8282468055185919","972.3965","4694.89","18.34","79519710113027710","144894","1.875097393989563","3.2782585890375034e-8","0.3451","0.3732985541633173","11441.082","1621.028","12.664"
"malberta-e4eecfd018","47316c7189787db1ef308e451dc372abc9ed2af5","12970","https://github.com/Henry-Ash-Williams/MalBERT/tree/47316c7189787db1ef308e451dc372abc9ed2af5","partially-obfuscated-benign","artemis-a40-01.local","-","NVIDIA A40","1","pretrain","","","0.001","gelu_new","0.01","512","2048","0.01","34","23012621","4","7","/mnt/lustre/scratch/inf/hw452/malberta-models/pretrain_1830456/","128","128","/mnt/lustre/scratch/inf/hw452/malberta-models/pretrain_1830456/","","","","","2.286187648773194","","","1117.7472","4084.372","31.91","79524307226210880","144894","1.797338843345642","3.2782585890375034e-8","2.2957","2.419141458613003","12444.9031","1490.274","11.643"
"malberta-E05CaA342f","47316c7189787db1ef308e451dc372abc9ed2af5","8872","https://github.com/Henry-Ash-Williams/MalBERT/tree/47316c7189787db1ef308e451dc372abc9ed2af5","obfuscated-benign","artemis-a40-11.local","Classifier from scratch","NVIDIA A40","1","classifier-from-scratch","","","0.001","gelu_new","0.01","512","2048","0.01","34","23011330","4","7","/mnt/lustre/scratch/inf/hw452/malberta-models/classifier_1821392/","256","128","/mnt/lustre/scratch/inf/hw452/malberta-models/classifier_1821392/","1","","0.8584365256187652","0.8586918435768126","0.28535860776901245","0.8595643558656657","0.8584365256187652","756.2884","4679.571","18.28","61566204039854980","112180","1.6672323942184448","3.6102692101978965e-8","0.233","0.2609059825685705","8858.3223","1620.966","12.664"
"malberta-Dfb0BAddF1","47316c7189787db1ef308e451dc372abc9ed2af5","4424","https://github.com/Henry-Ash-Williams/MalBERT/tree/47316c7189787db1ef308e451dc372abc9ed2af5","obfuscated-benign","artemis-a40-10.local","Classifier from 6hq3jn90 with frozen transformer weights","NVIDIA A40","1","classifier-from-pretrained-with-frozen-attention","/mnt/lustre/scratch/inf/hw452/malberta-models/pretrain_1811540/","[""RobertaForMaskedLM""]","0.001","gelu_new","0.01","512","2048","0.01","34","23011330","4","7","/mnt/lustre/scratch/inf/hw452/malberta-models/classifier_1821180/","256","128","/mnt/lustre/scratch/inf/hw452/malberta-models/classifier_1821180/","1","float32","0.8470952401807802","0.8471548261412685","0.3073664605617523","0.84723537008871","0.8470952401807802","747.8125","4732.61","18.487","61566204039854980","112180","0.8343502879142761","3.6102692101978965e-8","0.266","0.277311244021977","4409.2513","3256.57","25.442"
"malberta-1e2bEd8f8b","47316c7189787db1ef308e451dc372abc9ed2af5","8911","https://github.com/Henry-Ash-Williams/MalBERT/tree/47316c7189787db1ef308e451dc372abc9ed2af5","obfuscated-benign","artemis-a40-13.local","Classifier from 6hq3jn90","NVIDIA A40","1","classifier-from-pretrained","/mnt/lustre/scratch/inf/hw452/malberta-models/pretrain_1811540/","[""RobertaForMaskedLM""]","0.001","gelu_new","0.01","512","2048","0.01","34","23011330","4","7","/mnt/lustre/scratch/inf/hw452/malberta-models/classifier_1816699/","256","128","/mnt/lustre/scratch/inf/hw452/malberta-models/classifier_1816699/","1","float32","0.8704031103909039","0.8706964196262413","0.26405400037765503","0.8721318891263886","0.8704031103909039","852.6508","4150.709","16.214","61566204039854980","112180","1.0452427864074707","3.6102692101978965e-8","0.2093","0.22424031557044705","8894.7788","1614.322","12.612"
"malberta-8d00c6b289","47316c7189787db1ef308e451dc372abc9ed2af5","13539","https://github.com/Henry-Ash-Williams/MalBERT/tree/47316c7189787db1ef308e451dc372abc9ed2af5","obfuscated-benign","artemis-a40-13.local","-","NVIDIA A40","1","pretrain","","","0.001","gelu_new","0.01","512","2048","0.01","34","23012621","4","7","/mnt/lustre/scratch/inf/hw452/malberta-models/pretrain_1811540/","128","128","/mnt/lustre/scratch/inf/hw452/malberta-models/pretrain_1811540/","","","","","2.8652138710021973","","","862.6941","4102.387","32.051","61569763243074240","112180","1.9395467042922976","3.6102692101978965e-8","2.777","2.8950753430798213","13245.0825","1084.103","8.47"
"malberta-F1A447cBC2","47316c7189787db1ef308e451dc372abc9ed2af5","5582","https://github.com/Henry-Ash-Williams/MalBERT/tree/47316c7189787db1ef308e451dc372abc9ed2af5","baseline","artemis-a40-10.local","Classifier from tu1qrpi3 with frozen transformer weights","NVIDIA A40","1","classifier-from-pretrained-with-frozen-attention","/mnt/lustre/scratch/inf/hw452/malberta-models/pretrain_1655399/","[""RobertaForMaskedLM""]","0.001","gelu_new","0.01","512","2048","0.01","34","23011330","4","7","/mnt/lustre/scratch/inf/hw452/malberta-models/classifier_1734498/","256","128","/mnt/lustre/scratch/inf/hw452/malberta-models/classifier_1734498/","1","float32","0.830260233256274","0.8264976259473353","0.35553309321403503","0.840985235677481","0.830260233256274","980.7043","4671.452","18.248","79139487580830720","144201","0.9519450068473816","6.93476466876096e-10","0.3272","0.34076586782805385","5572.7241","3312.14","25.876"
"malberta-82BaD17c5b","47316c7189787db1ef308e451dc372abc9ed2af5","11657","https://github.com/Henry-Ash-Williams/MalBERT/tree/47316c7189787db1ef308e451dc372abc9ed2af5","baseline","artemis-a40-00.local","Classifier from scratch","NVIDIA A40","1","classifier-from-scratch","","","0.001","gelu_new","0.01","512","2048","0.01","34","23011330","4","7","/mnt/lustre/scratch/inf/hw452/malberta-models/classifier_1734314/","256","128","/mnt/lustre/scratch/inf/hw452/malberta-models/classifier_1734314/","1","","0.875577372687699","0.8742268965964893","0.2956583499908447","0.8798383615437699","0.875577372687699","1020.7983","4487.971","17.531","79139487580830720","144201","1.4231619834899902","6.93476466876096e-10","0.2458","0.28959749829513604","11637.7333","1586.017","12.391"
"malberta-2d8ae55BfF","47316c7189787db1ef308e451dc372abc9ed2af5","11725","https://github.com/Henry-Ash-Williams/MalBERT/tree/47316c7189787db1ef308e451dc372abc9ed2af5","baseline","artemis-a40-00.local","Classifier from tu1qrpi3","NVIDIA A40","1","classifier-from-pretrained","/mnt/lustre/scratch/inf/hw452/malberta-models/pretrain_1655399/","[""RobertaForMaskedLM""]","0.001","gelu_new","0.01","512","2048","0.01","34","23011330","4","7","/mnt/lustre/scratch/inf/hw452/malberta-models/classifier_1718064/","256","128","/mnt/lustre/scratch/inf/hw452/malberta-models/classifier_1718064/","1","float32","0.90102269807804","0.9002027678740786","0.25900110602378845","0.9041606328574338","0.90102269807804","1007.1431","4548.82","17.769","79139487580830720","144201","1.535731554031372","6.93476466876096e-10","0.1865","0.22249211369818617","11709.67","1576.273","12.315"
"malberta-bEC5223dd1","47316c7189787db1ef308e451dc372abc9ed2af5","136","https://github.com/Henry-Ash-Williams/MalBERT/tree/47316c7189787db1ef308e451dc372abc9ed2af5","","artemis-a40-12.local","-","NVIDIA A40","1","classifier, uses-pretrained","/mnt/lustre/scratch/inf/hw452/malberta-models/pretrain_1655399/","[""RobertaForMaskedLM""]","0.001","gelu_new","0.01","512","2048","0.01","34","23011330","4","7","/mnt/lustre/scratch/inf/hw452/malberta-models/classifier_1697160/","512","256","/mnt/lustre/scratch/inf/hw452/malberta-models/classifier_1697160/","1","float32","0.918579220573898","0.9236686456487888","0.2425910383462906","0.9308446510006994","0.918579220573898","10.1462","3740.432","7.392","775460336417280","707","0.8919661045074463","5.657708628005658e-7","0.1006","0.13047020700055437","123.6878","1462.23","5.716"
"malberta-7Cb8D32b6d","47316c7189787db1ef308e451dc372abc9ed2af5","13926","https://github.com/Henry-Ash-Williams/MalBERT/tree/47316c7189787db1ef308e451dc372abc9ed2af5","baseline","artemis-a40-01.local","-","NVIDIA A40","1","pretrain","","","0.001","gelu_new","0.01","512","2048","0.01","34","23012621","4","7","/mnt/lustre/scratch/inf/hw452/malberta-models/pretrain_1655399/","128","128","/mnt/lustre/scratch/inf/hw452/malberta-models/pretrain_1655399/","","","","","1.8949012756347656","","","1093.5095","4189.55","32.731","79144062712972800","144201","2.0564610958099365","6.934764668760963e-10","1.883","2.0319032389167235","12945.9929","1425.742","11.139"
"malberta-fAcd3b093F","47316c7189787db1ef308e451dc372abc9ed2af5","2735","https://github.com/Henry-Ash-Williams/MalBERT/tree/47316c7189787db1ef308e451dc372abc9ed2af5","","artemis-a40-16.local","-","NVIDIA A40","1","pretrain","","","0.001","gelu_new","0.01","512","2048","0.01","34","23012621","4","7","/mnt/lustre/scratch/inf/hw452/malberta-models/pretrain_1603413/","128","128","/mnt/lustre/scratch/inf/hw452/malberta-models/pretrain_1603413/","","","","","2.324045419692993","","","245.2406","4143.922","32.376","16114183522077120","29361","2.0603222846984863","1.0558223493750213e-7","2.1129","2.309859361080467","2575.4757","1459.179","11.4"
"malberta-720ebfFc30","47316c7189787db1ef308e451dc372abc9ed2af5","1155","https://github.com/Henry-Ash-Williams/MalBERT/tree/47316c7189787db1ef308e451dc372abc9ed2af5","","artemis-a40-14.local","-","NVIDIA A40","1","pretrain","","","0.001","gelu_new","0.01","512","2048","0.01","34","23012621","4","7","/mnt/lustre/scratch/inf/hw452/malberta-models/pretrain_1601675/","128","128","/mnt/lustre/scratch/inf/hw452/malberta-models/pretrain_1601675/","","","","","2.494945526123047","","","114.1471","4252.759","33.229","7320243936241920","13338","2.448521614074707","1.4619883040935672e-7","2.211","2.47896627236528","1109.465","1538.756","12.022"
"malberta-Aa3fED2BB7","47316c7189787db1ef308e451dc372abc9ed2af5","145","https://github.com/Henry-Ash-Williams/MalBERT/tree/47316c7189787db1ef308e451dc372abc9ed2af5","","artemis-a40-13.local","-","NVIDIA A40","1","pretrain","","","0.001","gelu_new","0.01","512","2048","0.01","34","23012621","4","7","/mnt/lustre/scratch/inf/hw452/malberta-models/pretrain_%j","128","128","/mnt/lustre/scratch/inf/hw452/malberta-models/pretrain_%j","","","","","3.3132126331329346","","","13.7229","4102.354","32.063","649874701686720","1185","1.6277341842651367","0.0000036286919831223623","3.0421","3.2111923797221125","121.0961","1251.576","9.786"
"malberta-E8BbB5776c","47316c7189787db1ef308e451dc372abc9ed2af5","416","https://github.com/Henry-Ash-Williams/malBERT/tree/47316c7189787db1ef308e451dc372abc9ed2af5","","pa-88-242.staffvpn.susx.ac.uk","-","","","pretrain","","","0.001","gelu_new","0.01","512","2048","0.01","34","23012621","4","7","/Users/henrywilliams/Documents/programming/python/ai/malbert-test/pretrained-malberta","128","128","/Users/henrywilliams/Documents/programming/python/ai/malbert-test/pretrained-malberta","","","","","2.9521143436431885","","","37.6931","1545.216","12.098","712636335672960","1299","1.6187950372695925","0.000003849114703618168","3.0289","3.2116867899435864","398.2633","417.307","3.262"
"malberta-a6a1f0B7fb","47316c7189787db1ef308e451dc372abc9ed2af5","40","https://github.com/Henry-Ash-Williams/malBERT/tree/47316c7189787db1ef308e451dc372abc9ed2af5","","pa-88-242.staffvpn.susx.ac.uk","-","","","pretrain","","","0.1","gelu","0.1","8","32","1e-12","66","14021","2","2","/Users/henrywilliams/Documents/programming/python/ai/malbert-test/pretrained-malberta","256","256","/Users/henrywilliams/Documents/programming/python/ai/malbert-test/pretrained-malberta","","","","","6.9735870361328125","","","2.5247","9350.79","36.836","149506373376","485","0.7053614854812622","0.0000088659793814433","6.9812","7.034644561452964","29.3602","4221.835","16.519"
"malberta-D61EfC9D9f","ccd818939369a29723a47b206a90d9b23a72769d","19","https://github.com/Henry-Ash-Williams/malBERT/tree/ccd818939369a29723a47b206a90d9b23a72769d","","pa-88-242.staffvpn.susx.ac.uk","-","","","classifier","","","0.1","gelu","0.1","8","32","1e-12","66","12730","2","2","/Users/henrywilliams/Documents/programming/python/ai/malbert-test/classifier-malberta","512","256","/Users/henrywilliams/Documents/programming/python/ai/malbert-test/classifier-malberta","1","","0.9093095033017512","0.8661181137631426","0.675013542175293","0.8268437727948778","0.9093095033017512","2.3737","11738.7","23.171","58500019200","322","0.050851233303546906","0.0000035714285714285714","0.6909","0.6915817083038899","15.9879","5150.651","20.14"
"malberta-dc8D583a2d","ccd818939369a29723a47b206a90d9b23a72769d","26","https://github.com/Henry-Ash-Williams/malBERT/tree/ccd818939369a29723a47b206a90d9b23a72769d","","pa-88-242.staffvpn.susx.ac.uk","-","","","classifier, uses-pretrained","/Users/henrywilliams/Documents/programming/python/ai/malbert-test/pretrained-malberta","[""RobertaForMaskedLM""]","0.1","gelu","0.1","8","32","1e-12","66","12730","2","2","/Users/henrywilliams/Documents/programming/python/ai/malbert-test/classifier-malberta","512","256","/Users/henrywilliams/Documents/programming/python/ai/malbert-test/classifier-malberta","1","float32","0.5558337845154304","0.397151931117076","0.6901684999465942","0.308951196008746","0.5558337845154304","2.5018","11812.239","23.183","83264563200","458","0.4182355999946594","0.000006441048034934498","0.6795","0.6845984729616923","22.2362","5271.036","20.597"
"malberta-4b201ACd15","ccd818939369a29723a47b206a90d9b23a72769d","32","https://github.com/Henry-Ash-Williams/malBERT/tree/ccd818939369a29723a47b206a90d9b23a72769d","","pa-88-242.staffvpn.susx.ac.uk","-","","","pretrain","","","0.1","gelu","0.1","8","32","1e-12","66","14021","2","2","/Users/henrywilliams/Documents/programming/python/ai/malbert-test/pretrained-malberta","256","256","/Users/henrywilliams/Documents/programming/python/ai/malbert-test/pretrained-malberta","","","","","7.047368049621582","","","5.1065","9571.812","37.404","93721007232","304","0.7342952489852905","8.223684210526316e-7","7.054","7.0976458223242505","21.6022","3596.993","14.073"
"malbert-classifier-E3087743FB","abf6054250e0c8a1d8e6fe8f41b58839b94136f6","2278","https://github.com/Henry-Ash-Williams/MalBERT/tree/abf6054250e0c8a1d8e6fe8f41b58839b94136f6","","vili","""Pretrained ktxqd1ob""","NVIDIA RTX A6000","8","classifier, uses-pretrained","./MalBERTA-pretrained-classifier","[""RobertaForMaskedLM""]","0.001","silu","0.25","768","3072","0.01","34","79580162","12","11","./MalBERTA-pretrained-classifier","1024","512","./MalBERTA-pretrained-classifier","1","float32","0.8337809353151193","0.8310524396363831","0.37905123829841614","0.8314141122196836","0.8337809353151193","193.9005","2285.203","2.233","28721740937643264","3720","0.6608977317810059","2.8225806451612905e-7","0.3183","0.3406454974605191","2260.9975","842.183","1.645"
"malbert-classifier-E3087743FB","abf6054250e0c8a1d8e6fe8f41b58839b94136f6","1091","https://github.com/Henry-Ash-Williams/MalBERT/tree/abf6054250e0c8a1d8e6fe8f41b58839b94136f6","","vili","""Pretrained 44448hoo""","NVIDIA RTX A6000","8","classifier, uses-pretrained","./MalBERTA-pretrained-classifier","[""RobertaForMaskedLM""]","0.001","relu","0.1","352","1408","0.01","18","12518882","11","8","./MalBERTA-pretrained-classifier","1024","512","./MalBERTA-pretrained-classifier","1","float32","0.7350182150301316","0.7287820055165014","0.6035088300704956","0.7748715733245412","0.7350182150301316","110.5277","8776.787","8.577","4732305367575552","7986","0.7055028080940247","5.447032306536439e-7","0.2983","0.3187010187330086","1084.2919","3770.63","7.365"
"malbert-classifier-E3087743FB","abf6054250e0c8a1d8e6fe8f41b58839b94136f6","988","https://github.com/Henry-Ash-Williams/MalBERT/tree/abf6054250e0c8a1d8e6fe8f41b58839b94136f6","","vili","""Pretrained 73egstvd""","NVIDIA RTX A6000","8","classifier, uses-pretrained","./MalBERTA-pretrained-classifier","[""RobertaForMaskedLM""]","0.001","silu","0.25","352","2816","0.05","34","10529378","11","4","./MalBERTA-pretrained-classifier","256","128","./MalBERTA-pretrained-classifier","1","float32","0.810681858817824","0.8083014245665385","0.46262097358703613","0.8141553118718787","0.810681858817824","86.9845","4693.721","18.337","3782294832745728","15296","1.262318134307861","3.17076359832636e-7","0.2985","0.31035397267241854","980.6924","1996.367","15.597"
"malbert-classifier-E3087743FB","abf6054250e0c8a1d8e6fe8f41b58839b94136f6","860","https://github.com/Henry-Ash-Williams/MalBERT/tree/abf6054250e0c8a1d8e6fe8f41b58839b94136f6","","vili","""Pretrained qr6tmzg1""","NVIDIA RTX A6000","8","classifier, uses-pretrained","./MalBERTA-pretrained-classifier","[""RobertaForMaskedLM""]","0.001","relu","0.1","384","1536","0.025","66","16641794","12","9","./MalBERTA-pretrained-classifier","512","256","./MalBERTA-pretrained-classifier","1","float32","0.7854634831460674","0.7794693065718076","0.6896737813949585","0.8017090211011902","0.7854634831460674","77.4587","2500.221","4.893","6109508011428096","3856","0.8156894445419312","7.391078838174274e-7","0.2982","0.32055723469287034","852.2033","1158.187","4.525"
"malbert-classifier-E3087743FB","abf6054250e0c8a1d8e6fe8f41b58839b94136f6","664","https://github.com/Henry-Ash-Williams/MalBERT/tree/abf6054250e0c8a1d8e6fe8f41b58839b94136f6","","vili","""Pretrained bnzdwmlr""","NVIDIA RTX A6000","8","classifier, uses-pretrained","./MalBERTA-pretrained-classifier","[""RobertaForMaskedLM""]","0.1","gelu_new","0.01","256","1024","0.01","130","6749442","2","8","./MalBERTA-pretrained-classifier","256","128","./MalBERTA-pretrained-classifier","1","float32","0.817360718039945","0.8110831510018456","0.3736002445220947","0.8255110354216383","0.817360718039945","85.1768","1451.922","5.682","2172148429102080","3461","1.4182804822921753","8.956948858711355e-7","0.3308","0.3562851255252092","657.1062","674.122","5.267"
"malbert-classifier-E3087743FB","abf6054250e0c8a1d8e6fe8f41b58839b94136f6","315","https://github.com/Henry-Ash-Williams/MalBERT/tree/abf6054250e0c8a1d8e6fe8f41b58839b94136f6","","vili","""Pretrained 7goku3pl""","NVIDIA RTX A6000","8","classifier, uses-pretrained","./MalBERTA-pretrained-classifier","[""RobertaForMaskedLM""]","0.001","gelu","0.001","32","64","0.075","514","84674","1","3","./MalBERTA-pretrained-classifier","512","256","./MalBERTA-pretrained-classifier","1","float32","0.6191110533497953","0.4734678274067526","0.665376603603363","0.3832984963798931","0.6191110533497953","55.9015","550.575","1.091","9482583914496","450","0.040158044546842575","0.000005666666666666667","0.6762","0.6783873240152994","309.9755","371.323","1.452"
"malbert-classifier-E3087743FB","abf6054250e0c8a1d8e6fe8f41b58839b94136f6","496","https://github.com/Henry-Ash-Williams/MalBERT/tree/abf6054250e0c8a1d8e6fe8f41b58839b94136f6","","vili","""Pretrained i9vv06nz""","NVIDIA RTX A6000","8","classifier, uses-pretrained","./MalBERTA-pretrained-classifier","[""RobertaForMaskedLM""]","0.25","silu","0.01","320","320","0.1","34","3616962","5","5","./MalBERTA-pretrained-classifier","1024","512","./MalBERTA-pretrained-classifier","1","float32","0.82503668004914","0.8212379744226492","0.3646349906921386","0.8437653556592292","0.82503668004914","67.0858","7243.841","7.08","1120398830643840","3571","1.5502233505249023","0.000001008120974516942","0.3659","0.3805913153365025","490.2987","3728.615","7.283"
"malbert-classifier-E3087743FB","abf6054250e0c8a1d8e6fe8f41b58839b94136f6","437","https://github.com/Henry-Ash-Williams/MalBERT/tree/abf6054250e0c8a1d8e6fe8f41b58839b94136f6","","vili","""Pretrained lwbv2732""","NVIDIA RTX A6000","8","classifier, uses-pretrained","./MalBERTA-pretrained-classifier","[""RobertaForMaskedLM""]","0.001","silu","0.001","256","1024","0.025","130","3590402","2","4","./MalBERTA-pretrained-classifier","256","128","./MalBERTA-pretrained-classifier","1","float32","0.8436740828774665","0.8401851705188003","0.33590689301490784","0.8469311070770412","0.8436740828774665","57.928","1975.452","7.734","1221721716349440","3853","3.236954927444458","7.007526602647289e-7","0.2973","0.32015052882535344","431.3767","1143.166","8.932"
"malbert-classifier-E3087743FB","abf6054250e0c8a1d8e6fe8f41b58839b94136f6","254","https://github.com/Henry-Ash-Williams/MalBERT/tree/abf6054250e0c8a1d8e6fe8f41b58839b94136f6","","vili","""Pretrained muihf6cq""","NVIDIA RTX A6000","8","classifier, uses-pretrained","./MalBERTA-pretrained-classifier","[""RobertaForMaskedLM""]","0.25","silu","0.1","16","256","0.1","514","77346","1","5","./MalBERTA-pretrained-classifier","2048","1024","./MalBERTA-pretrained-classifier","1","float32","0.5187280294153299","0.35434753726735335","0.6923247575759888","0.2690787685011114","0.5187280294153299","37.7163","656.188","0.345","18964064759808","125","0.09639671444892885","0.0000104","0.6924","0.6922771301269531","249.6317","510.745","0.501"
"malbert-classifier-E3087743FB","abf6054250e0c8a1d8e6fe8f41b58839b94136f6","461","https://github.com/Henry-Ash-Williams/MalBERT/tree/abf6054250e0c8a1d8e6fe8f41b58839b94136f6","","vili","""Pretrained dqyd5uhs""","NVIDIA RTX A6000","8","classifier, uses-pretrained","./MalBERTA-pretrained-classifier","[""RobertaForMaskedLM""]","0.25","gelu","0.25","4","16","0.075","34","7790","4","10","./MalBERTA-pretrained-classifier","2048","1024","./MalBERTA-pretrained-classifier","1","float32","0.604249219633835","0.45518752941819784","0.6787674427032471","0.3651171194280986","0.604249219633835","112.802","4490.107","2.199","862077089664","1770","0.023045720532536507","0.000002005649717514124","0.6873","0.6889138604288048","456.1668","3972.098","3.88"
"malbert-classifier-E3087743FB","abf6054250e0c8a1d8e6fe8f41b58839b94136f6","3865","https://github.com/Henry-Ash-Williams/MalBERT/tree/abf6054250e0c8a1d8e6fe8f41b58839b94136f6","","vili","""Pretrained g34v7i9k""","NVIDIA RTX A6000","8","classifier, uses-pretrained","./MalBERTA-pretrained-classifier","[""RobertaForMaskedLM""]","0.001","silu","0.25","1408","5632","0.01","66","170559490","11","7","./MalBERTA-pretrained-classifier","2048","1024","./MalBERTA-pretrained-classifier","1","float32","0.7950905913816518","0.7911786928819823","0.42690229415893555","0.8122615258719813","0.7950905913816518","325.7802","662.253","0.325","60251230782812160","909","0.701166033744812","5.500550055005501e-7","0.318","0.34893074812013064","3834.5434","242.632","0.237"
"malbert-classifier-E3087743FB","abf6054250e0c8a1d8e6fe8f41b58839b94136f6","3356","https://github.com/Henry-Ash-Williams/MalBERT/tree/abf6054250e0c8a1d8e6fe8f41b58839b94136f6","","vili","""Pretrained crahe0mc""","NVIDIA RTX A6000","8","classifier, uses-pretrained","./MalBERTA-pretrained-classifier","[""RobertaForMaskedLM""]","0.01","gelu_new","0.001","640","10240","0.01","34","89832322","5","6","./MalBERTA-pretrained-classifier","256","128","./MalBERTA-pretrained-classifier","1","float32","0.8694747752307952","0.8687971228185833","0.2744622230529785","0.871767123620325","0.8694747752307952","272.1965","1524.156","5.955","30997858306856450","14175","0.8274263739585876","2.680776014109348e-7","0.2505","0.2763974826550358","3327.3205","545.295","4.26"
"malbert-classifier-E3087743FB","abf6054250e0c8a1d8e6fe8f41b58839b94136f6","2644","https://github.com/Henry-Ash-Williams/MalBERT/tree/abf6054250e0c8a1d8e6fe8f41b58839b94136f6","","vili","""Pretrained 8xdudjec""","NVIDIA RTX A6000","8","classifier, uses-pretrained","./MalBERTA-pretrained-classifier","[""RobertaForMaskedLM""]","0.25","silu","0.01","160","1280","0.01","18","4354082","5","8","./MalBERTA-pretrained-classifier","128","64","./MalBERTA-pretrained-classifier","1","float32","0.7512011462926036","0.7476311670351496","0.4463875889778137","0.794200523302005","0.7512011462926036","124.017","7011.829","54.783","1498994186249472","58873","4.27159309387207","6.284714555059196e-8","0.3214","0.33778817219567586","2639.3369","1427.569","22.306"
"malbert-classifier-E3087743FB","abf6054250e0c8a1d8e6fe8f41b58839b94136f6","3455","https://github.com/Henry-Ash-Williams/MalBERT/tree/abf6054250e0c8a1d8e6fe8f41b58839b94136f6","","vili","""Pretrained j23b4zvi""","NVIDIA RTX A6000","8","classifier, uses-pretrained","./MalBERTA-pretrained-classifier","[""RobertaForMaskedLM""]","0.01","gelu_new","0.1","640","10240","0.01","66","104614402","5","7","./MalBERTA-pretrained-classifier","512","256","./MalBERTA-pretrained-classifier","1","float32","0.8798477690824312","0.8795730456082312","0.26912176609039307","0.8820348238496302","0.8798477690824312","267.0229","734.087","1.434","36456352741725700","3575","0.6609472036361694","0.000001062937062937063","0.2868","0.31221415326311874","3414.5829","268.004","1.047"
"malbert-classifier-E3087743FB","abf6054250e0c8a1d8e6fe8f41b58839b94136f6","3309","https://github.com/Henry-Ash-Williams/MalBERT/tree/abf6054250e0c8a1d8e6fe8f41b58839b94136f6","","vili","""Pretrained yn996gaw""","NVIDIA RTX A6000","8","classifier, uses-pretrained","./MalBERTA-pretrained-classifier","[""RobertaForMaskedLM""]","0.001","silu","0.1","1536","3072","0.025","66","117803522","12","6","./MalBERTA-pretrained-classifier","128","64","./MalBERTA-pretrained-classifier","1","float32","0.8611030883685725","0.86095182894749","0.40142324566841125","0.8714430748331237","0.8611030883685725","235.599","852.372","6.66","42737753425595140","15029","2.755763530731201","9.980703972320181e-8","0.1838","0.21875134024587375","3287.3485","292.581","4.572"
"malbert-classifier-E3087743FB","abf6054250e0c8a1d8e6fe8f41b58839b94136f6","2809","https://github.com/Henry-Ash-Williams/MalBERT/tree/abf6054250e0c8a1d8e6fe8f41b58839b94136f6","","vili","""Pretrained h2tpwr6l""","NVIDIA RTX A6000","8","classifier, uses-pretrained","./MalBERTA-pretrained-classifier","[""RobertaForMaskedLM""]","0.001","silu","0.1","1152","9216","0.01","66","109146242","9","4","./MalBERTA-pretrained-classifier","1024","512","./MalBERTA-pretrained-classifier","1","float32","0.8652989865326304","0.8641186127509758","0.3273288905620575","0.8668516198472672","0.8652989865326304","294.0844","871.345","0.853","42413693013307390","2006","0.9090288877487184","1.7447657028913264e-7","0.306","0.34089801960428834","2787.933","368.267","0.72"
"malbert-classifier-E3087743FB","abf6054250e0c8a1d8e6fe8f41b58839b94136f6","1895","https://github.com/Henry-Ash-Williams/MalBERT/tree/abf6054250e0c8a1d8e6fe8f41b58839b94136f6","","vili","""Pretrained 7qc7d31c""","NVIDIA RTX A6000","8","classifier, uses-pretrained","./MalBERTA-pretrained-classifier","[""RobertaForMaskedLM""]","0.001","gelu_new","0.1","48","192","0.025","34","320738","6","9","./MalBERTA-pretrained-classifier","128","64","./MalBERTA-pretrained-classifier","1","float32","0.7623789253132308","0.7529733534695864","0.7079708576202393","0.7923497440017313","0.7623789253132308","99.6131","4992.484","39.011","98695712598144","31254","3.502817153930664","8.798873744160749e-8","0.29","0.3222362829305896","1890.5042","1058.026","16.532"
"malbert-classifier-E3087743FB","abf6054250e0c8a1d8e6fe8f41b58839b94136f6","2110","https://github.com/Henry-Ash-Williams/MalBERT/tree/abf6054250e0c8a1d8e6fe8f41b58839b94136f6","","vili","""Pretrained rijbapum""","NVIDIA RTX A6000","8","classifier, uses-pretrained","./MalBERTA-pretrained-classifier","[""RobertaForMaskedLM""]","0.001","gelu_new","0.1","512","4096","0.01","130","53509634","4","10","./MalBERTA-pretrained-classifier","256","128","./MalBERTA-pretrained-classifier","1","float32","0.8276305723624731","0.825041152159469","0.449792355298996","0.845219102488546","0.8276305723624731","199.9866","575.199","2.25","18321946545337344","3532","1.5440995693206787","4.6715741789354475e-7","0.2437","0.2724041483815367","2096.3332","215.614","1.685"
"malbert-classifier-E3087743FB","abf6054250e0c8a1d8e6fe8f41b58839b94136f6","1542","https://github.com/Henry-Ash-Williams/MalBERT/tree/abf6054250e0c8a1d8e6fe8f41b58839b94136f6","","vili","""Pretrained t4b5bce7""","NVIDIA RTX A6000","8","classifier, uses-pretrained","./MalBERTA-pretrained-classifier","[""RobertaForMaskedLM""]","0.001","gelu","0.1","36","72","0.025","18","134822","9","8","./MalBERTA-pretrained-classifier","256","128","./MalBERTA-pretrained-classifier","1","float32","0.7559089663267609","0.7526398252795994","0.4570469558238983","0.7723507691597502","0.7559089663267609","111.8535","9231.192","36.065","29372539912320","27291","1.2839561700820925","1.6855373566377198e-7","0.4246","0.4333525114579075","1536.8358","2272.942","17.758"
"malbert-classifier-E3087743FB","abf6054250e0c8a1d8e6fe8f41b58839b94136f6","1557","https://github.com/Henry-Ash-Williams/MalBERT/tree/abf6054250e0c8a1d8e6fe8f41b58839b94136f6","","vili","""Pretrained w3907soi""","NVIDIA RTX A6000","8","classifier, uses-pretrained","./MalBERTA-pretrained-classifier","[""RobertaForMaskedLM""]","0.1","gelu_new","0.1","128","1024","0.01","34","2496002","2","7","./MalBERTA-pretrained-classifier","128","64","./MalBERTA-pretrained-classifier","1","float32","0.8375779556632602","0.8379878700365003","0.3339248597621918","0.8440793317967994","0.8375779556632602","105.6678","4623.725","36.132","823350528208896","28807","1.2099143266677856","1.3885513937584614e-8","0.3612","0.3805513789405734","1551.4704","1188.302","18.568"
"malbert-classifier-E3087743FB","abf6054250e0c8a1d8e6fe8f41b58839b94136f6","1358","https://github.com/Henry-Ash-Williams/MalBERT/tree/abf6054250e0c8a1d8e6fe8f41b58839b94136f6","","vili","""Pretrained us98k5zg""","NVIDIA RTX A6000","8","classifier, uses-pretrained","./MalBERTA-pretrained-classifier","[""RobertaForMaskedLM""]","0.1","gelu_new","0.25","64","512","0.01","34","587458","2","6","./MalBERTA-pretrained-classifier","128","64","./MalBERTA-pretrained-classifier","1","float32","0.7648220578554003","0.7563686623779731","0.436446875333786","0.8059825196423582","0.7648220578554003","64.0768","5239.011","40.935","173913403288704","28168","1.0259363651275637","1.2247940925873333e-7","0.3266","0.33606313325166365","1353.0736","1332.305","20.818"
"malbert-classifier-E3087743FB","abf6054250e0c8a1d8e6fe8f41b58839b94136f6","2066","https://github.com/Henry-Ash-Williams/MalBERT/tree/abf6054250e0c8a1d8e6fe8f41b58839b94136f6","","vili","""Pretrained hlqb2zoy""","NVIDIA RTX A6000","8","classifier, uses-pretrained","./MalBERTA-pretrained-classifier","[""RobertaForMaskedLM""]","0.001","silu","0.1","768","3072","0.025","130","79653890","12","11","./MalBERTA-pretrained-classifier","256","128","./MalBERTA-pretrained-classifier","1","float32","0.8794753333270604","0.8793237745192309","0.2439040094614029","0.8801309442383313","0.8794753333270604","182.4724","582.428","2.28","26048057568830976","3373","2.4369330406188965","0.0000010969463385710052","0.2925","0.32706122196218995","2048.9143","210.711","1.646"
"malbert-classifier-E3087743FB","abf6054250e0c8a1d8e6fe8f41b58839b94136f6","1293","https://github.com/Henry-Ash-Williams/MalBERT/tree/abf6054250e0c8a1d8e6fe8f41b58839b94136f6","","vili","""Pretrained gicrmldj""","NVIDIA RTX A6000","8","classifier, uses-pretrained","./MalBERTA-pretrained-classifier","[""RobertaForMaskedLM""]","0.1","gelu_new","0.1","48","192","0.05","18","93794","6","1","./MalBERTA-pretrained-classifier","128","64","./MalBERTA-pretrained-classifier","1","float32","0.7269796485608939","0.726668746596345","0.4940051138401031","0.7793740625849956","0.7269796485608939","109.706","8697.192","67.954","10806695105856","57074","1.8005073070526123","6.570417352910258e-8","0.3989","0.4234874760231098","1288.0697","2835.815","44.31"
"malbert-classifier-E3087743FB","abf6054250e0c8a1d8e6fe8f41b58839b94136f6","1403","https://github.com/Henry-Ash-Williams/MalBERT/tree/abf6054250e0c8a1d8e6fe8f41b58839b94136f6","","vili","""Pretrained a3498qu7""","NVIDIA RTX A6000","8","classifier, uses-pretrained","./MalBERTA-pretrained-classifier","[""RobertaForMaskedLM""]","0.001","gelu_new","0.01","512","2048","0.01","34","23011330","4","7","./MalBERTA-pretrained-classifier","256","128","./MalBERTA-pretrained-classifier","1","float32","0.919770224153486","0.9206425020374628","0.18878380954265592","0.9222829242723204","0.919770224153486","133.3149","3442.092","13.449","7127645011344000","12988","1.318023681640625","3.426239605789961e-7","0.2388","0.26994937583046913","1394.6687","1191.95","9.313"
"malbert-classifier-E3087743FB","abf6054250e0c8a1d8e6fe8f41b58839b94136f6","526","https://github.com/Henry-Ash-Williams/MalBERT/tree/abf6054250e0c8a1d8e6fe8f41b58839b94136f6","","vili","""Pretrained by5dqn56""","NVIDIA RTX A6000","8","classifier, uses-pretrained","./MalBERTA-pretrained-classifier","[""RobertaForMaskedLM""]","0.01","relu","0.25","128","512","0.05","18","978050","8","4","./MalBERTA-pretrained-classifier","256","128","./MalBERTA-pretrained-classifier","1","float32","0.8010258847531501","0.7990980266664172","0.39243999123573303","0.8002784954245651","0.8010258847531501","34.2295","25202.512","98.453","305582648276160","30698","0.828609049320221","1.612482897908659e-7","0.3712","0.38606285506781635","521.7832","7530.455","58.833"
"malbert-classifier-E3087743FB","abf6054250e0c8a1d8e6fe8f41b58839b94136f6","492","https://github.com/Henry-Ash-Williams/MalBERT/tree/abf6054250e0c8a1d8e6fe8f41b58839b94136f6","","vili","""Pretrained cd1mkhrq""","NVIDIA RTX A6000","8","classifier, uses-pretrained","./MalBERTA-pretrained-classifier","[""RobertaForMaskedLM""]","0.01","silu","0.01","256","1024","0.025","66","8312578","4","10","./MalBERTA-pretrained-classifier","128","64","./MalBERTA-pretrained-classifier","1","float32","0.8985885049231254","0.8979170641921363","0.24759334325790405","0.8994127579516532","0.8985885049231254","35.531","5182.26","40.5","2861410223992320","14619","1.6381136178970337","6.840413160954923e-8","0.2872","0.3028482728017829","486.0634","1924.872","30.076"
"malbert-classifier-E3087743FB","abf6054250e0c8a1d8e6fe8f41b58839b94136f6","1619","https://github.com/Henry-Ash-Williams/MalBERT/tree/abf6054250e0c8a1d8e6fe8f41b58839b94136f6","","vili","""Pretrained law3d96a""","NVIDIA RTX A6000","8","classifier, uses-pretrained","./MalBERTA-pretrained-classifier","[""RobertaForMaskedLM""]","0.01","gelu_new","0.001","768","1536","0.01","130","48957698","6","10","./MalBERTA-pretrained-classifier","256","128","./MalBERTA-pretrained-classifier","1","float32","0.7830684402982926","0.7794243282355178","0.5240245461463928","0.7958539572600558","0.7830684402982926","152.5891","910.445","3.559","17680302864450048","3758","1.10932719707489","7.849920170303353e-7","0.2982","0.3291508216309763","1595.0986","301.531","2.356"
"malbert-classifier-E3087743FB","abf6054250e0c8a1d8e6fe8f41b58839b94136f6","611","https://github.com/Henry-Ash-Williams/MalBERT/tree/abf6054250e0c8a1d8e6fe8f41b58839b94136f6","","vili","""Pretrained ij7mxgui""","NVIDIA RTX A6000","8","classifier, uses-pretrained","./MalBERTA-pretrained-classifier","[""RobertaForMaskedLM""]","0.1","gelu","0.01","160","2560","0.05","66","9500002","5","10","./MalBERTA-pretrained-classifier","128","64","./MalBERTA-pretrained-classifier","1","float32","0.8534768175425758","0.8511953639686424","0.3158472180366516","0.8579189874034426","0.8534768175425758","48.8431","4644.073","36.3","3562164689326848","15616","2.416708707809448","5.443135245901639e-8","0.3004","0.32721523348180975","605.6884","1649.959","25.782"
"malbert-classifier-E3087743FB","abf6054250e0c8a1d8e6fe8f41b58839b94136f6","447","https://github.com/Henry-Ash-Williams/MalBERT/tree/abf6054250e0c8a1d8e6fe8f41b58839b94136f6","","vili","""Pretrained 8o2kcz3l""","NVIDIA RTX A6000","8","classifier, uses-pretrained","./MalBERTA-pretrained-classifier","[""RobertaForMaskedLM""]","0.1","relu","0.1","112","448","0.05","18","1223938","7","7","./MalBERTA-pretrained-classifier","512","256","./MalBERTA-pretrained-classifier","1","float32","0.8033287360205201","0.800425163788837","0.40805763006210327","0.8056335938112478","0.8033287360205201","36.2546","24818.913","48.49","384623955028224","14532","0.9840190410614014","1.1354252683732453e-7","0.3903","0.4009752228277759","442.6592","8403.929","32.829"
"malbert-classifier-E3087743FB","abf6054250e0c8a1d8e6fe8f41b58839b94136f6","719","https://github.com/Henry-Ash-Williams/MalBERT/tree/abf6054250e0c8a1d8e6fe8f41b58839b94136f6","","vili","""Pretrained 6fpziulg""","NVIDIA RTX A6000","8","classifier, uses-pretrained","./MalBERTA-pretrained-classifier","[""RobertaForMaskedLM""]","0.1","gelu_new","0.01","128","2048","0.025","130","6722562","2","11","./MalBERTA-pretrained-classifier","128","64","./MalBERTA-pretrained-classifier","1","float32","0.8482688677916443","0.8477438837755131","0.5560956001281738","0.8694082083663269","0.8482688677916443","62.6134","1700.77","13.288","2293661494832640","7135","1.8925879001617432","2.522775052557814e-7","0.2906","0.3086873873180665","714.7003","638.921","9.983"
"malbert-classifier-E3087743FB","abf6054250e0c8a1d8e6fe8f41b58839b94136f6","793","https://github.com/Henry-Ash-Williams/MalBERT/tree/abf6054250e0c8a1d8e6fe8f41b58839b94136f6","","vili","""Pretrained 2axvrk9a""","NVIDIA RTX A6000","8","classifier, uses-pretrained","./MalBERTA-pretrained-classifier","[""RobertaForMaskedLM""]","0.01","gelu_new","0.001","256","2048","0.01","66","12250626","4","9","./MalBERTA-pretrained-classifier","256","128","./MalBERTA-pretrained-classifier","1","float32","0.7906746072918179","0.7863279675562829","0.3895241320133209","0.8119846141891215","0.7906746072918179","75.9878","3170.971","12.397","4271843419021824","7302","2.280355453491211","2.0542317173377157e-8","0.2781","0.2999771784279843","787.3189","1187.125","9.275"
"malbert-classifier-E3087743FB","abf6054250e0c8a1d8e6fe8f41b58839b94136f6","397","https://github.com/Henry-Ash-Williams/MalBERT/tree/abf6054250e0c8a1d8e6fe8f41b58839b94136f6","","vili","""Pretrained iei6rkot""","NVIDIA RTX A6000","8","classifier, uses-pretrained","./MalBERTA-pretrained-classifier","[""RobertaForMaskedLM""]","0.25","gelu_new","0.1","192","384","0.025","66","2675138","3","8","./MalBERTA-pretrained-classifier","128","64","./MalBERTA-pretrained-classifier","1","float32","0.7938144329896907","0.7921390155469729","0.6675505638122559","0.8013727158362371","0.7938144329896907","31.8841","6537.83","51.091","793623442348032","13378","1.660572528839111","2.952608760651817e-7","0.3104","0.32440576027248413","392.5363","2181.037","34.081"
"malbert-classifier-E3087743FB","abf6054250e0c8a1d8e6fe8f41b58839b94136f6","901","https://github.com/Henry-Ash-Williams/MalBERT/tree/abf6054250e0c8a1d8e6fe8f41b58839b94136f6","","vili","""Pretrained mohg69z3""","NVIDIA RTX A6000","8","classifier, uses-pretrained","./MalBERTA-pretrained-classifier","[""RobertaForMaskedLM""]","0.001","gelu_new","0.25","256","2048","0.01","130","14897154","4","11","./MalBERTA-pretrained-classifier","128","64","./MalBERTA-pretrained-classifier","1","float32","0.7989414345725895","0.7977693538253885","0.4564599692821502","0.8164149458832789","0.7989414345725895","73.7592","1378.092","10.778","4978127186280960","6970","2.2152962684631348","5.093256814921091e-7","0.2981","0.3143477892773052","894.6006","498.577","7.791"
"malbert-classifier-E3087743FB","abf6054250e0c8a1d8e6fe8f41b58839b94136f6","1021","https://github.com/Henry-Ash-Williams/MalBERT/tree/abf6054250e0c8a1d8e6fe8f41b58839b94136f6","","vili","""Pretrained 7zvj5oya""","NVIDIA RTX A6000","8","classifier, uses-pretrained","./MalBERTA-pretrained-classifier","[""RobertaForMaskedLM""]","0.1","gelu_new","0.25","768","1536","0.025","66","30000386","6","6","./MalBERTA-pretrained-classifier","128","64","./MalBERTA-pretrained-classifier","1","float32","0.8840975819843547","0.8843786101882694","0.2511008381843567","0.8848192148803734","0.8840975819843547","89.7117","2691.723","21.034","9700486101739776","13632","1.9383301734924316","1.210387323943662e-7","0.2909","0.3019987295770869","1012.1896","861.913","13.468"
"malbert-classifier-E3087743FB","abf6054250e0c8a1d8e6fe8f41b58839b94136f6","1011","https://github.com/Henry-Ash-Williams/MalBERT/tree/abf6054250e0c8a1d8e6fe8f41b58839b94136f6","","vili","""Pretrained 7llyhwxg""","NVIDIA RTX A6000","8","classifier, uses-pretrained","./MalBERTA-pretrained-classifier","[""RobertaForMaskedLM""]","0.001","gelu","0.25","88","352","0.01","18","688074","11","6","./MalBERTA-pretrained-classifier","128","64","./MalBERTA-pretrained-classifier","1","float32","0.7698491377411196","0.7605783131096597","0.48836588859558105","0.7880476603439891","0.7698491377411196","51.928","17482.826","136.593","197101565569152","56024","1.6167829036712646","2.2311866342995863e-8","0.3717","0.38280973619313713","1007.401","3559.192","55.612"
"malbert-classifier-E3087743FB","abf6054250e0c8a1d8e6fe8f41b58839b94136f6","361","https://github.com/Henry-Ash-Williams/MalBERT/tree/abf6054250e0c8a1d8e6fe8f41b58839b94136f6","","vili","""Pretrained ely47f2n""","NVIDIA RTX A6000","8","classifier, uses-pretrained","./MalBERTA-pretrained-classifier","[""RobertaForMaskedLM""]","0.001","relu","0.01","144","288","0.025","34","1050050","9","5","./MalBERTA-pretrained-classifier","256","128","./MalBERTA-pretrained-classifier","1","float32","0.8168894919425933","0.8091317479514811","0.4846849739551544","0.8301081960046152","0.8168894919425933","31.9181","15885.953","62.065","328261840590336","15553","0.9953551292419434","1.7359994856297821e-7","0.3041","0.31656649549130206","357.4538","5569.269","43.511"
"malbert-classifier-E3087743FB","abf6054250e0c8a1d8e6fe8f41b58839b94136f6","390","https://github.com/Henry-Ash-Williams/MalBERT/tree/abf6054250e0c8a1d8e6fe8f41b58839b94136f6","","vili","""Pretrained 3zp2zplz""","NVIDIA RTX A6000","8","classifier, uses-pretrained","./MalBERTA-pretrained-classifier","[""RobertaForMaskedLM""]","0.1","gelu_new","0.1","128","512","0.025","130","2380290","2","11","./MalBERTA-pretrained-classifier","128","64","./MalBERTA-pretrained-classifier","1","float32","0.8617671707744466","0.8591511028474996","0.30371811985969543","0.8689268587357377","0.8617671707744466","33.7182","3114.16","24.349","830419500115968","7687","2.040827751159668","5.723949525172369e-7","0.278","0.3125061915012924","385.9251","1274.683","19.918"
"malbert-classifier-E3087743FB","abf6054250e0c8a1d8e6fe8f41b58839b94136f6","1068","https://github.com/Henry-Ash-Williams/MalBERT/tree/abf6054250e0c8a1d8e6fe8f41b58839b94136f6","","vili","""Pretrained h9hjcokp""","NVIDIA RTX A6000","8","classifier, uses-pretrained","./MalBERTA-pretrained-classifier","[""RobertaForMaskedLM""]","0.1","gelu_new","0.01","320","2560","0.01","66","21073602","5","10","./MalBERTA-pretrained-classifier","256","128","./MalBERTA-pretrained-classifier","1","float32","0.9041348892768538","0.9033077181072826","0.2655757665634155","0.9033088967991136","0.9041348892768538","92.7295","2347.257","9.177","6957676199980032","6859","1.0034997463226318","4.373815424989066e-7","0.2436","0.2668160418932979","1060.9175","827.514","6.465"
"malbert-classifier-E3087743FB","abf6054250e0c8a1d8e6fe8f41b58839b94136f6","326","https://github.com/Henry-Ash-Williams/MalBERT/tree/abf6054250e0c8a1d8e6fe8f41b58839b94136f6","","vili","""Pretrained nz5pi414""","NVIDIA RTX A6000","8","classifier, uses-pretrained","./MalBERTA-pretrained-classifier","[""RobertaForMaskedLM""]","0.001","gelu","0.01","40","80","0.025","66","215082","10","12","./MalBERTA-pretrained-classifier","256","128","./MalBERTA-pretrained-classifier","1","float32","0.777976540445423","0.7742519773467192","0.4089750647544861","0.7995021342962962","0.777976540445423","27.5248","8712.77","34.042","61531714192896","7791","4.521570205688477","5.90424849184957e-7","0.4119","0.4383558068405815","322.1772","3095.321","24.182"
"malbert-classifier-E3087743FB","abf6054250e0c8a1d8e6fe8f41b58839b94136f6","670","https://github.com/Henry-Ash-Williams/MalBERT/tree/abf6054250e0c8a1d8e6fe8f41b58839b94136f6","","vili","""Pretrained lx1cte5h""","NVIDIA RTX A6000","8","classifier, uses-pretrained","./MalBERTA-pretrained-classifier","[""RobertaForMaskedLM""]","0.001","relu","0.1","352","1408","0.01","34","14015938","11","9","./MalBERTA-pretrained-classifier","512","256","./MalBERTA-pretrained-classifier","1","float32","0.7952121510217637","0.7963555914318711","0.5327810049057007","0.8178642769380472","0.7952121510217637","56.0492","8488.009","16.593","5242411906106112","7873","1.0537461042404177","4.6996062492061475e-7","0.3182","0.33658422128257526","663.8502","3035.772","11.86"
"malbert-classifier-E3087743FB","abf6054250e0c8a1d8e6fe8f41b58839b94136f6","309","https://github.com/Henry-Ash-Williams/MalBERT/tree/abf6054250e0c8a1d8e6fe8f41b58839b94136f6","","vili","""Pretrained thtccepn""","NVIDIA RTX A6000","8","classifier, uses-pretrained","./MalBERTA-pretrained-classifier","[""RobertaForMaskedLM""]","0.001","relu","0.01","36","288","0.01","34","181946","9","5","./MalBERTA-pretrained-classifier","256","128","./MalBERTA-pretrained-classifier","1","float32","0.7314508016571872","0.7232260629168628","0.4835257828235626","0.7627029976825017","0.7314508016571872","24.568","17075.28","66.713","44471138141568","13491","0.9163477420806884","3.409680527759247e-7","0.3372","0.3624799625328018","305.4401","5653.262","44.169"
"malbert-classifier-E3087743FB","abf6054250e0c8a1d8e6fe8f41b58839b94136f6","341","https://github.com/Henry-Ash-Williams/MalBERT/tree/abf6054250e0c8a1d8e6fe8f41b58839b94136f6","","vili","""Pretrained 9byrqso4""","NVIDIA RTX A6000","8","classifier, uses-pretrained","./MalBERTA-pretrained-classifier","[""RobertaForMaskedLM""]","0.01","gelu_new","0.01","64","128","0.025","130","463746","2","11","./MalBERTA-pretrained-classifier","128","64","./MalBERTA-pretrained-classifier","1","float32","0.813915128353043","0.8146358033266501","0.42933034896850586","0.8203772959681502","0.813915128353043","26.6229","4167.246","32.566","146231766266880","7985","1.4471991062164309","5.385097056981841e-7","0.3329","0.35228290139845037","336.1267","1520.278","23.756"
"malbert-classifier-E3087743FB","abf6054250e0c8a1d8e6fe8f41b58839b94136f6","761","https://github.com/Henry-Ash-Williams/MalBERT/tree/abf6054250e0c8a1d8e6fe8f41b58839b94136f6","","vili","""Pretrained wvbhja9k""","NVIDIA RTX A6000","8","classifier, uses-pretrained","./MalBERTA-pretrained-classifier","[""RobertaForMaskedLM""]","0.001","relu","0.01","384","3072","0.01","66","27272450","12","9","./MalBERTA-pretrained-classifier","2048","1024","./MalBERTA-pretrained-classifier","1","float32","0.7882746590136828","0.7829833578269461","0.423123300075531","0.803456854302701","0.7882746590136828","74.8346","3087.088","1.51","8980315139116800","854","0.5318876504898071","0.0000032201405152224825","0.2604","0.2820744804811143","752.6583","1161.543","1.135"
"malbert-classifier-E3087743FB","abf6054250e0c8a1d8e6fe8f41b58839b94136f6","319","https://github.com/Henry-Ash-Williams/MalBERT/tree/abf6054250e0c8a1d8e6fe8f41b58839b94136f6","","vili","""Pretrained 1jnovsvf""","NVIDIA RTX A6000","8","classifier, uses-pretrained","./MalBERTA-pretrained-classifier","[""RobertaForMaskedLM""]","0.01","relu","0.25","20","40","0.1","18","40422","5","4","./MalBERTA-pretrained-classifier","512","256","./MalBERTA-pretrained-classifier","1","float32","0.7603657014146759","0.7497966106517734","0.4970514476299286","0.7698968271601988","0.7603657014146759","31.6986","29692.32","58.015","4898698788480","14056","0.7408905029296875","2.0276038702333525e-7","0.4522","0.4856185325520515","315.9884","11386.779","44.483"
"malbert-classifier-E3087743FB","abf6054250e0c8a1d8e6fe8f41b58839b94136f6","310","https://github.com/Henry-Ash-Williams/MalBERT/tree/abf6054250e0c8a1d8e6fe8f41b58839b94136f6","","vili","""Pretrained 95rvocsz""","NVIDIA RTX A6000","8","classifier, uses-pretrained","./MalBERTA-pretrained-classifier","[""RobertaForMaskedLM""]","0.001","silu","0.25","128","1024","0.025","34","1506434","4","4","./MalBERTA-pretrained-classifier","256","128","./MalBERTA-pretrained-classifier","1","float32","0.7346979468486151","0.737216275694841","0.5992835760116577","0.8009342362320607","0.7346979468486151","29.6264","16250.856","63.491","462060331257600","14069","0.8586423993110657","2.487739000639704e-7","0.3465","0.360671935927784","305.8521","5887.533","45.999"
"malbert-classifier-E3087743FB","abf6054250e0c8a1d8e6fe8f41b58839b94136f6","1039","https://github.com/Henry-Ash-Williams/MalBERT/tree/abf6054250e0c8a1d8e6fe8f41b58839b94136f6","","vili","""Pretrained ndb4ao4v""","NVIDIA RTX A6000","8","classifier, uses-pretrained","./MalBERTA-pretrained-classifier","[""RobertaForMaskedLM""]","0.25","gelu_new","0.001","384","1536","0.01","34","16629506","3","9","./MalBERTA-pretrained-classifier","128","64","./MalBERTA-pretrained-classifier","1","float32","0.743637427277216","0.7355120065437728","0.4947862923145294","0.7867751100939414","0.743637427277216","65.6821","5673.513","44.335","5791625248290816","29240","2.2299859523773193","7.0109439124487e-8","0.2237","0.25269974126046074","1032.9815","1811.564","28.306"
"malbert-classifier-E3087743FB","abf6054250e0c8a1d8e6fe8f41b58839b94136f6","874","https://github.com/Henry-Ash-Williams/MalBERT/tree/abf6054250e0c8a1d8e6fe8f41b58839b94136f6","","vili","""Pretrained 060dqf3f""","NVIDIA RTX A6000","8","classifier, uses-pretrained","./MalBERTA-pretrained-classifier","[""RobertaForMaskedLM""]","0.001","relu","0.1","1152","4608","0.01","18","34724738","9","2","./MalBERTA-pretrained-classifier","2048","1024","./MalBERTA-pretrained-classifier","1","float32","0.7808096293191209","0.7769279137299857","0.40475451946258545","0.7970235840915004","0.7808096293191209","75.6606","11035.462","5.393","12113130500356608","3710","0.5635292530059814","1.482479784366577e-7","0.3562","0.3778609364501871","866.3868","4384.915","4.282"
"malbert-classifier-E3087743FB","abf6054250e0c8a1d8e6fe8f41b58839b94136f6","309","https://github.com/Henry-Ash-Williams/MalBERT/tree/abf6054250e0c8a1d8e6fe8f41b58839b94136f6","","vili","""Pretrained 6tpenugo""","NVIDIA RTX A6000","8","classifier, uses-pretrained","./MalBERTA-pretrained-classifier","[""RobertaForMaskedLM""]","0.001","relu","0.1","176","704","0.025","18","2132770","11","5","./MalBERTA-pretrained-classifier","1024","512","./MalBERTA-pretrained-classifier","1","float32","0.7744241577977776","0.7686234212843377","0.4677707254886627","0.7962629493141675","0.7744241577977776","40.7858","25074.339","24.494","677840083880064","7252","0.5685513615608215","3.6541643684500826e-7","0.3946","0.4101763715812401","303.7142","12223.984","23.878"
"malbert-classifier-E3087743FB","abf6054250e0c8a1d8e6fe8f41b58839b94136f6","854","https://github.com/Henry-Ash-Williams/MalBERT/tree/abf6054250e0c8a1d8e6fe8f41b58839b94136f6","","vili","""Pretrained 0gk2ni3v""","NVIDIA RTX A6000","8","classifier, uses-pretrained","./MalBERTA-pretrained-classifier","[""RobertaForMaskedLM""]","0.001","silu","0.1","704","2816","0.01","34","31216770","11","5","./MalBERTA-pretrained-classifier","2048","1024","./MalBERTA-pretrained-classifier","1","float32","0.8065128335686347","0.8020649173105173","0.3821035921573639","0.8361489376470123","0.8065128335686347","81.4776","5302.933","2.59","10537330748824320","1770","0.4499378502368927","0.000002005649717514124","0.2832","0.3051658080796064","842.8389","2150.316","2.1"
"malbert-classifier-E3087743FB","abf6054250e0c8a1d8e6fe8f41b58839b94136f6","306","https://github.com/Henry-Ash-Williams/MalBERT/tree/abf6054250e0c8a1d8e6fe8f41b58839b94136f6","","vili","""Pretrained qw11bgqn""","NVIDIA RTX A6000","8","classifier, uses-pretrained","./MalBERTA-pretrained-classifier","[""RobertaForMaskedLM""]","0.1","silu","0.1","72","72","0.1","18","418250","9","10","./MalBERTA-pretrained-classifier","2048","1024","./MalBERTA-pretrained-classifier","1","float32","0.8028512666832511","0.8005946009445507","0.4051054120063782","0.8032696617934647","0.8028512666832511","28.8735","23946.209","11.706","122752235591808","3857","1.0098408460617063","7.518796992481203e-7","0.4419","0.4731039809290535","302.074","13073.346","12.768"
"malbert-classifier-E3087743FB","abf6054250e0c8a1d8e6fe8f41b58839b94136f6","491","https://github.com/Henry-Ash-Williams/MalBERT/tree/abf6054250e0c8a1d8e6fe8f41b58839b94136f6","","vili","""Pretrained v07x9d0n""","NVIDIA RTX A6000","8","classifier, uses-pretrained","./MalBERTA-pretrained-classifier","[""RobertaForMaskedLM""]","0.25","gelu_new","0.1","256","1024","0.025","130","6749442","2","8","./MalBERTA-pretrained-classifier","256","128","./MalBERTA-pretrained-classifier","1","float32","0.7836494319499189","0.7810702106612969","0.407415509223938","0.807851455782688","0.7836494319499189","42.3235","2547.642","9.971","2445097608525312","3896","1.4874303340911863","0.0000012448665297741275","0.2763","0.304839613990862","485.3618","1027.343","8.027"
"malbert-classifier-E3087743FB","abf6054250e0c8a1d8e6fe8f41b58839b94136f6","337","https://github.com/Henry-Ash-Williams/MalBERT/tree/abf6054250e0c8a1d8e6fe8f41b58839b94136f6","","vili","""Pretrained 7xy9gyif""","NVIDIA RTX A6000","8","classifier, uses-pretrained","./MalBERTA-pretrained-classifier","[""RobertaForMaskedLM""]","0.001","silu","0.25","224","1792","0.025","34","5385410","7","5","./MalBERTA-pretrained-classifier","512","256","./MalBERTA-pretrained-classifier","1","float32","0.8108685851917855","0.8077601826606504","0.40546104311943054","0.8085051969962063","0.8108685851917855","37.0285","12759.932","24.927","1833557719566720","7332","1.2031795978546145","2.2504091653027825e-7","0.3964","0.4133890001616449","331.4133","5663.458","22.123"
"malbert-classifier-E3087743FB","abf6054250e0c8a1d8e6fe8f41b58839b94136f6","257","https://github.com/Henry-Ash-Williams/MalBERT/tree/abf6054250e0c8a1d8e6fe8f41b58839b94136f6","","vili","""Pretrained 4q12yain""","NVIDIA RTX A6000","8","classifier, uses-pretrained","./MalBERTA-pretrained-classifier","[""RobertaForMaskedLM""]","0.1","gelu_new","0.1","160","160","0.01","66","1640802","5","9","./MalBERTA-pretrained-classifier","512","256","./MalBERTA-pretrained-classifier","1","float32","0.7878504125943699","0.7836940979988581","0.44210711121559143","0.7973155782442365","0.7878504125943699","34.5621","7415.79","14.496","488983424362752","3496","1.2553235292434692","0.0000013872997711670482","0.3096","0.33490359101197265","253.5066","3529.451","13.791"
"malbert-classifier-E3087743FB","abf6054250e0c8a1d8e6fe8f41b58839b94136f6","418","https://github.com/Henry-Ash-Williams/MalBERT/tree/abf6054250e0c8a1d8e6fe8f41b58839b94136f6","","vili","""Pretrained 1hsnbkmk""","NVIDIA RTX A6000","8","classifier, uses-pretrained","./MalBERTA-pretrained-classifier","[""RobertaForMaskedLM""]","0.001","silu","0.1","352","1408","0.025","130","9575458","11","6","./MalBERTA-pretrained-classifier","1024","512","./MalBERTA-pretrained-classifier","1","float32","0.8841133568372043","0.8825784005222818","0.3741624355316162","0.8847419238830656","0.8841133568372043","40.6035","2745.357","2.684","3167184437975040","888","1.0562565326690674","0.000005011261261261262","0.278","0.3021021533656765","412.4788","1101.797","2.153"
"malbert-classifier-E3087743FB","abf6054250e0c8a1d8e6fe8f41b58839b94136f6","349","https://github.com/Henry-Ash-Williams/MalBERT/tree/abf6054250e0c8a1d8e6fe8f41b58839b94136f6","","vili","""Pretrained eqigqsij""","NVIDIA RTX A6000","8","classifier, uses-pretrained","./MalBERTA-pretrained-classifier","[""RobertaForMaskedLM""]","0.25","gelu_new","0.001","128","512","0.01","514","2231170","2","10","./MalBERTA-pretrained-classifier","128","64","./MalBERTA-pretrained-classifier","1","float32","0.8161429255064604","0.8128205680022135","0.36914047598838806","0.8197504753243974","0.8161429255064604","44.7657","700.202","5.473","698422649057280","1777","3.335501194000244","0.0000021947101857062467","0.3083","0.3405502654222135","343.6162","330.863","5.171"
"malbert-classifier-E3087743FB","abf6054250e0c8a1d8e6fe8f41b58839b94136f6","385","https://github.com/Henry-Ash-Williams/MalBERT/tree/abf6054250e0c8a1d8e6fe8f41b58839b94136f6","","vili","""Pretrained ksr3pmga""","NVIDIA RTX A6000","8","classifier, uses-pretrained","./MalBERTA-pretrained-classifier","[""RobertaForMaskedLM""]","0.001","relu","0.25","288","1152","0.025","66","7469570","9","7","./MalBERTA-pretrained-classifier","2048","1024","./MalBERTA-pretrained-classifier","1","float32","0.8115292801566136","0.8062748998827004","0.4852983057498932","0.8197113429116538","0.8115292801566136","36.0344","5556.852","2.72","2495633664007680","897","0.4029222428798675","0.000005462653288740246","0.2962","0.31650385649307916","380.1835","2415.197","2.359"
"malbert-classifier-E3087743FB","abf6054250e0c8a1d8e6fe8f41b58839b94136f6","582","https://github.com/Henry-Ash-Williams/MalBERT/tree/abf6054250e0c8a1d8e6fe8f41b58839b94136f6","","vili","""Pretrained p4ogn5al""","NVIDIA RTX A6000","8","classifier, uses-pretrained","./MalBERTA-pretrained-classifier","[""RobertaForMaskedLM""]","0.001","gelu","0.1","10","20","0.01","66","23762","10","11","./MalBERTA-pretrained-classifier","512","256","./MalBERTA-pretrained-classifier","1","float32","0.7969345176942895","0.7961109147398215","0.47992780804634094","0.7987084839244627","0.7969345176942895","68.7159","3682.932","7.204","3634633597440","3639","0.9174959659576416","5.496015388843089e-7","0.4412","0.5097250580689382","578.3372","1610.531","6.292"
"malbert-classifier-E3087743FB","abf6054250e0c8a1d8e6fe8f41b58839b94136f6","964","https://github.com/Henry-Ash-Williams/MalBERT/tree/abf6054250e0c8a1d8e6fe8f41b58839b94136f6","","vili","""Pretrained e32ctprk""","NVIDIA RTX A6000","8","classifier, uses-pretrained","./MalBERTA-pretrained-classifier","[""RobertaForMaskedLM""]","0.001","relu","0.1","288","2304","0.01","130","17132258","9","10","./MalBERTA-pretrained-classifier","1024","512","./MalBERTA-pretrained-classifier","1","float32","0.7882487526796959","0.7816749509618014","0.46221378445625305","0.7938647256042551","0.7882487526796959","97.8597","1062.981","1.042","5843412383456256","889","0.5673350691795349","0.0000050618672665916765","0.3057","0.33168561010714726","955.2552","476.315","0.931"
"malbert-classifier-E3087743FB","abf6054250e0c8a1d8e6fe8f41b58839b94136f6","531","https://github.com/Henry-Ash-Williams/MalBERT/tree/abf6054250e0c8a1d8e6fe8f41b58839b94136f6","","vili","""Pretrained 045926c5""","NVIDIA RTX A6000","8","classifier, uses-pretrained","./MalBERTA-pretrained-classifier","[""RobertaForMaskedLM""]","0.01","gelu","0.1","160","640","0.075","258","2130402","5","6","./MalBERTA-pretrained-classifier","128","64","./MalBERTA-pretrained-classifier","1","float32","0.8310868098212586","0.8236999091812571","0.34848159551620483","0.8418211125823698","0.8310868098212586","57.7935","999.992","7.821","723306336224256","3910","0.717377781867981","1.4066496163682866e-7","0.2248","0.24193655566486252","524.8777","476.688","7.449"
"malbert-classifier-E3087743FB","abf6054250e0c8a1d8e6fe8f41b58839b94136f6","411","https://github.com/Henry-Ash-Williams/MalBERT/tree/abf6054250e0c8a1d8e6fe8f41b58839b94136f6","","vili","""Pretrained hptld89c""","NVIDIA RTX A6000","8","classifier, uses-pretrained","./MalBERTA-pretrained-classifier","[""RobertaForMaskedLM""]","0.001","relu","0.01","192","384","0.025","258","2414978","12","7","./MalBERTA-pretrained-classifier","2048","1024","./MalBERTA-pretrained-classifier","1","float32","0.777194156925348","0.7738880472027242","0.4537158906459808","0.7773466032761592","0.777194156925348","51.6834","1127.189","0.561","754619413380096","227","2.815398693084717","0.000006167400881057269","0.4672","0.5273438214205435","406.1532","571.383","0.559"
"malbert-classifier-E3087743FB","abf6054250e0c8a1d8e6fe8f41b58839b94136f6","559","https://github.com/Henry-Ash-Williams/MalBERT/tree/abf6054250e0c8a1d8e6fe8f41b58839b94136f6","","vili","""Pretrained qt4liu3u""","NVIDIA RTX A6000","8","classifier, uses-pretrained","./MalBERTA-pretrained-classifier","[""RobertaForMaskedLM""]","0.001","gelu_new","0.25","64","1024","0.025","130","840834","1","5","./MalBERTA-pretrained-classifier","256","128","./MalBERTA-pretrained-classifier","1","float32","0.7234630011386555","0.721633129005903","0.5624727606773376","0.732106532707744","0.7234630011386555","81.6198","1646.279","6.432","287042834858496","3895","3.441356420516968","0.0000012323491655969191","0.3564","0.3821265214520945","554.1728","899.609","7.028"
"malbert-classifier-E3087743FB","abf6054250e0c8a1d8e6fe8f41b58839b94136f6","446","https://github.com/Henry-Ash-Williams/MalBERT/tree/abf6054250e0c8a1d8e6fe8f41b58839b94136f6","","vili","""Pretrained 2q8kprjb""","NVIDIA RTX A6000","8","classifier, uses-pretrained","./MalBERTA-pretrained-classifier","[""RobertaForMaskedLM""]","0.001","gelu_new","0.1","16","128","0.01","130","39298","1","3","./MalBERTA-pretrained-classifier","128","64","./MalBERTA-pretrained-classifier","1","float32","0.8559330680542802","0.8573932669652976","0.3530656695365906","0.8598674169136279","0.8559330680542802","59.9735","1797.644","14.056","5447305397760","6712","6.268238067626953","9.68414779499404e-8","0.4429","0.4957504388260188","441.0798","973.758","15.217"
"malbert-classifier-E3087743FB","abf6054250e0c8a1d8e6fe8f41b58839b94136f6","884","https://github.com/Henry-Ash-Williams/MalBERT/tree/abf6054250e0c8a1d8e6fe8f41b58839b94136f6","","vili","""Pretrained mb2zkogf""","NVIDIA RTX A6000","8","classifier, uses-pretrained","./MalBERTA-pretrained-classifier","[""RobertaForMaskedLM""]","0.001","gelu_new","0.01","768","3072","0.01","18","15777026","12","2","./MalBERTA-pretrained-classifier","1024","512","./MalBERTA-pretrained-classifier","1","float32","0.7556502749252597","0.7512886266837534","0.5163663029670715","0.7631463835891539","0.7556502749252597","116.9967","9334.58","9.12","5317669592276160","7326","0.7859271168708801","1.842751842751843e-7","0.3593","0.37981678363634463","876.0647","4281.055","8.362"
"malbert-classifier-E3087743FB","abf6054250e0c8a1d8e6fe8f41b58839b94136f6","449","https://github.com/Henry-Ash-Williams/MalBERT/tree/abf6054250e0c8a1d8e6fe8f41b58839b94136f6","","vili","""Pretrained n8lgsnh0""","NVIDIA RTX A6000","8","classifier, uses-pretrained","./MalBERTA-pretrained-classifier","[""RobertaForMaskedLM""]","0.01","relu","0.001","40","40","0.025","130","148762","5","9","./MalBERTA-pretrained-classifier","256","128","./MalBERTA-pretrained-classifier","1","float32","0.8374238843728857","0.8349163107709682","0.36215510964393616","0.8351746476864718","0.8374238843728857","62.744","1625.381","6.359","29275560857088","3245","2.9041121006011963","7.087827426810478e-7","0.3797","0.42084916677607226","443.9725","935.267","7.309"
"malbert-classifier-E3087743FB","abf6054250e0c8a1d8e6fe8f41b58839b94136f6","433","https://github.com/Henry-Ash-Williams/MalBERT/tree/abf6054250e0c8a1d8e6fe8f41b58839b94136f6","","vili","""Pretrained 4h32488w""","NVIDIA RTX A6000","8","classifier, uses-pretrained","./MalBERTA-pretrained-classifier","[""RobertaForMaskedLM""]","0.001","silu","0.1","40","320","0.01","34","283682","10","7","./MalBERTA-pretrained-classifier","2048","1024","./MalBERTA-pretrained-classifier","1","float32","0.7952340074725075","0.7920771738894344","0.4204093813896179","0.8136129492598366","0.7952340074725075","93.0056","5686.453","2.785","91443368202624","2018","0.7363547682762146","4.70763131813677e-7","0.4677","0.5103635093265529","427.3976","4833.16","4.722"
"malbert-classifier-E3087743FB","abf6054250e0c8a1d8e6fe8f41b58839b94136f6","1521","https://github.com/Henry-Ash-Williams/MalBERT/tree/abf6054250e0c8a1d8e6fe8f41b58839b94136f6","","vili","""Pretrained pl1w7g9y""","NVIDIA RTX A6000","8","classifier, uses-pretrained","./MalBERTA-pretrained-classifier","[""RobertaForMaskedLM""]","0.01","silu","0.1","384","1536","0.05","18","7751042","12","4","./MalBERTA-pretrained-classifier","256","128","./MalBERTA-pretrained-classifier","1","float32","0.8821107586888612","0.8807103074297344","0.2655854821205139","0.8834363919565046","0.8821107586888612","106.5784","7821.434","30.56","2717446283700288","30515","1.35876727104187","2.621661477961658e-8","0.2933","0.30668625262024635","1515.2553","2577.696","20.139"
"malbert-classifier-E3087743FB","abf6054250e0c8a1d8e6fe8f41b58839b94136f6","310","https://github.com/Henry-Ash-Williams/MalBERT/tree/abf6054250e0c8a1d8e6fe8f41b58839b94136f6","","vili","""Pretrained zqk532er""","NVIDIA RTX A6000","8","classifier, uses-pretrained","./MalBERTA-pretrained-classifier","[""RobertaForMaskedLM""]","0.25","silu","0.01","36","72","0.075","130","106562","9","5","./MalBERTA-pretrained-classifier","256","128","./MalBERTA-pretrained-classifier","1","float32","0.7737559491048014","0.7667552166199199","0.48605862259864807","0.7847928858457202","0.7737559491048014","38.057","3246.395","12.691","20868180516864","3839","5.1102519035339355","5.209690023443606e-7","0.3621","0.42215802663935753","306.1893","1604.811","12.538"
"malbert-classifier-E3087743FB","abf6054250e0c8a1d8e6fe8f41b58839b94136f6","1354","https://github.com/Henry-Ash-Williams/MalBERT/tree/abf6054250e0c8a1d8e6fe8f41b58839b94136f6","","vili","""Pretrained npxfm374""","NVIDIA RTX A6000","8","classifier, uses-pretrained","./MalBERTA-pretrained-classifier","[""RobertaForMaskedLM""]","0.001","gelu_new","0.01","96","768","0.01","66","1813826","3","9","./MalBERTA-pretrained-classifier","128","64","./MalBERTA-pretrained-classifier","1","float32","0.7926606082135358","0.7846837917770684","0.4778282642364502","0.8063677769697609","0.7926606082135358","91.3017","2435.76","19.036","658211840073216","15912","1.899402976036072","4.084967320261438e-8","0.3396","0.35749948579141877","1348.2829","755.267","11.802"
"malbert-classifier-E3087743FB","abf6054250e0c8a1d8e6fe8f41b58839b94136f6","551","https://github.com/Henry-Ash-Williams/MalBERT/tree/abf6054250e0c8a1d8e6fe8f41b58839b94136f6","","vili","""Pretrained gb2gt12z""","NVIDIA RTX A6000","8","classifier, uses-pretrained","./MalBERTA-pretrained-classifier","[""RobertaForMaskedLM""]","0.001","gelu_new","0.001","128","1024","0.01","130","3168002","1","9","./MalBERTA-pretrained-classifier","256","128","./MalBERTA-pretrained-classifier","1","float32","0.8432721571520797","0.8427036155841097","0.3309771716594696","0.84436850099125","0.8432721571520797","58.7127","1846.789","7.222","1034012280998400","3523","3.3573222160339355","3.406187908032927e-7","0.393","0.4170161858222176","544.38","828.346","6.472"
"malbert-classifier-E3087743FB","abf6054250e0c8a1d8e6fe8f41b58839b94136f6","587","https://github.com/Henry-Ash-Williams/MalBERT/tree/abf6054250e0c8a1d8e6fe8f41b58839b94136f6","","vili","""Pretrained 2erdk0yu""","NVIDIA RTX A6000","8","classifier, uses-pretrained","./MalBERTA-pretrained-classifier","[""RobertaForMaskedLM""]","0.01","gelu_new","0.001","128","1024","0.025","130","3168002","1","9","./MalBERTA-pretrained-classifier","1024","512","./MalBERTA-pretrained-classifier","1","float32","0.8086022112975834","0.8039244841628154","0.4185272455215454","0.8243082208158624","0.8086022112975834","67.7615","1566.996","1.535","1000157828989440","852","3.1553118228912354","0.000003110328638497653","0.3386","0.37367577843822786","581.7691","749.732","1.464"
"malbert-classifier-E3087743FB","abf6054250e0c8a1d8e6fe8f41b58839b94136f6","1007","https://github.com/Henry-Ash-Williams/MalBERT/tree/abf6054250e0c8a1d8e6fe8f41b58839b94136f6","","vili","""Pretrained mi36bduh""","NVIDIA RTX A6000","8","classifier, uses-pretrained","./MalBERTA-pretrained-classifier","[""RobertaForMaskedLM""]","0.01","relu","0.1","144","576","0.025","34","1716914","9","6","./MalBERTA-pretrained-classifier","256","128","./MalBERTA-pretrained-classifier","1","float32","0.8408028490499814","0.8394451307112626","0.31817588210105896","0.8458858516910518","0.8408028490499814","77.0873","5802.6","22.676","560119702503168","14939","0.7659279108047485","1.3387776959635853e-7","0.3591","0.37029939955740665","1001.4581","1909.338","14.917"
"malbert-classifier-E3087743FB","abf6054250e0c8a1d8e6fe8f41b58839b94136f6","691","https://github.com/Henry-Ash-Williams/MalBERT/tree/abf6054250e0c8a1d8e6fe8f41b58839b94136f6","","vili","""Pretrained 2l5zsgl9""","NVIDIA RTX A6000","8","classifier, uses-pretrained","./MalBERTA-pretrained-classifier","[""RobertaForMaskedLM""]","0.01","gelu_new","0.1","128","512","0.01","258","2198402","4","10","./MalBERTA-pretrained-classifier","128","64","./MalBERTA-pretrained-classifier","1","float32","0.7968490414589984","0.7918182824121375","0.3854902982711792","0.8043514188862012","0.7968490414589984","72.1453","742.543","5.808","765988851059712","3897","0.9667230248451232","0.0000012573774698486016","0.2831","0.30778326925816585","685.7947","363.632","5.682"
"malbert-classifier-E3087743FB","abf6054250e0c8a1d8e6fe8f41b58839b94136f6","578","https://github.com/Henry-Ash-Williams/MalBERT/tree/abf6054250e0c8a1d8e6fe8f41b58839b94136f6","","vili","""Pretrained nm57ta8o""","NVIDIA RTX A6000","8","classifier, uses-pretrained","./MalBERTA-pretrained-classifier","[""RobertaForMaskedLM""]","0.01","gelu_new","0.01","96","768","0.01","130","1819970","3","9","./MalBERTA-pretrained-classifier","256","128","./MalBERTA-pretrained-classifier","1","float32","0.8010220939709672","0.7964964004014747","0.4383848011493683","0.8222435895276045","0.8010220939709672","94.2628","1444.801","5.644","523996127316480","3167","1.1596004962921145","0.00000107357120303126","0.3199","0.33972001565078624","572.5085","707.998","5.532"
"malbert-classifier-E3087743FB","abf6054250e0c8a1d8e6fe8f41b58839b94136f6","468","https://github.com/Henry-Ash-Williams/MalBERT/tree/abf6054250e0c8a1d8e6fe8f41b58839b94136f6","","vili","""Pretrained fj221ze8""","NVIDIA RTX A6000","8","classifier, uses-pretrained","./MalBERTA-pretrained-classifier","[""RobertaForMaskedLM""]","0.001","relu","0.1","256","512","0.01","34","5150722","8","9","./MalBERTA-pretrained-classifier","2048","1024","./MalBERTA-pretrained-classifier","1","float32","0.7981824790985096","0.7917367041666693","0.3634452521800995","0.8094116199925591","0.7981824790985096","87.3392","5039.663","2.462","1577631431385984","1668","0.4980714023113251","0.0000020683453237410072","0.361","0.37797680404260575","461.6405","3699.877","3.613"
"malbert-classifier-E3087743FB","abf6054250e0c8a1d8e6fe8f41b58839b94136f6","533","https://github.com/Henry-Ash-Williams/MalBERT/tree/abf6054250e0c8a1d8e6fe8f41b58839b94136f6","","vili","""Pretrained lwhkg1oh""","NVIDIA RTX A6000","8","classifier, uses-pretrained","./MalBERTA-pretrained-classifier","[""RobertaForMaskedLM""]","0.001","silu","0.1","176","352","0.05","34","2263538","11","8","./MalBERTA-pretrained-classifier","1024","512","./MalBERTA-pretrained-classifier","1","float32","0.8291445688347979","0.8285507271053073","0.4294487535953522","0.8440761657216888","0.8291445688347979","46.9231","8587.311","8.397","691840310492160","3468","1.0265679359436035","9.948096885813149e-7","0.3198","0.33732299243702607","528.5381","3358.714","6.561"
"malbert-classifier-E3087743FB","abf6054250e0c8a1d8e6fe8f41b58839b94136f6","750","https://github.com/Henry-Ash-Williams/MalBERT/tree/abf6054250e0c8a1d8e6fe8f41b58839b94136f6","","vili","""Pretrained 9qa8wo1z""","NVIDIA RTX A6000","8","classifier, uses-pretrained","./MalBERTA-pretrained-classifier","[""RobertaForMaskedLM""]","0.1","gelu_new","0.25","128","256","0.025","130","1524098","2","10","./MalBERTA-pretrained-classifier","128","64","./MalBERTA-pretrained-classifier","1","float32","0.8298696575232392","0.826682416546921","0.3746950924396515","0.8405771010896981","0.8298696575232392","83.3939","1417.693","11.08","435288526153728","6600","1.3200201988220217","7.575757575757576e-9","0.2802","0.29706315156185265","744.8316","567.103","8.861"
"malbert-classifier-E3087743FB","abf6054250e0c8a1d8e6fe8f41b58839b94136f6","599","https://github.com/Henry-Ash-Williams/MalBERT/tree/abf6054250e0c8a1d8e6fe8f41b58839b94136f6","","vili","""Pretrained q90xlye6""","NVIDIA RTX A6000","8","classifier, uses-pretrained","./MalBERTA-pretrained-classifier","[""RobertaForMaskedLM""]","0.01","gelu_new","0.001","96","384","0.025","130","1264802","3","10","./MalBERTA-pretrained-classifier","256","128","./MalBERTA-pretrained-classifier","1","float32","0.8460690572210898","0.8436053035304427","0.3338514566421509","0.8480420117222154","0.8460690572210898","70.5077","1621.257","6.34","414727089884160","3740","3.92244029045105","5.481283422459894e-7","0.3461","0.3665518546486921","594.4486","805.267","6.292"
"malbert-classifier-E3087743FB","abf6054250e0c8a1d8e6fe8f41b58839b94136f6","616","https://github.com/Henry-Ash-Williams/MalBERT/tree/abf6054250e0c8a1d8e6fe8f41b58839b94136f6","","vili","""Pretrained okeafkt4""","NVIDIA RTX A6000","8","classifier, uses-pretrained","./MalBERTA-pretrained-classifier","[""RobertaForMaskedLM""]","0.001","relu","0.1","176","704","0.01","34","2883586","11","7","./MalBERTA-pretrained-classifier","1024","512","./MalBERTA-pretrained-classifier","1","float32","0.8412177821476228","0.8410721710376009","0.3663367629051209","0.8409747834726997","0.8412177821476228","71.2032","5999.309","5.871","974594368854144","3742","0.5959333181381226","5.745590593265634e-7","0.382","0.3977279153372246","610.4616","3137.919","6.13"
"malbert-classifier-E3087743FB","abf6054250e0c8a1d8e6fe8f41b58839b94136f6","558","https://github.com/Henry-Ash-Williams/MalBERT/tree/abf6054250e0c8a1d8e6fe8f41b58839b94136f6","","vili","""Pretrained a7anbmmp""","NVIDIA RTX A6000","8","classifier, uses-pretrained","./MalBERTA-pretrained-classifier","[""RobertaForMaskedLM""]","0.001","gelu_new","0.1","48","192","0.01","130","325346","3","9","./MalBERTA-pretrained-classifier","256","128","./MalBERTA-pretrained-classifier","1","float32","0.8120266238237319","0.8075883969863701","0.3629988431930542","0.8424514947965381","0.8120266238237319","75.1881","1854.335","7.248","95578872918528","3784","4.206436634063721","0.0000011231501057082454","0.3077","0.35342256211327194","552.6128","876.308","6.847"
"malbert-classifier-E3087743FB","abf6054250e0c8a1d8e6fe8f41b58839b94136f6","523","https://github.com/Henry-Ash-Williams/MalBERT/tree/abf6054250e0c8a1d8e6fe8f41b58839b94136f6","","vili","""Pretrained 86davq15""","NVIDIA RTX A6000","8","classifier, uses-pretrained","./MalBERTA-pretrained-classifier","[""RobertaForMaskedLM""]","0.1","gelu_new","0.1","32","32","0.01","258","115490","1","10","./MalBERTA-pretrained-classifier","128","64","./MalBERTA-pretrained-classifier","1","float32","0.8054099746407438","0.8064087944767896","0.44927623867988586","0.8076777329003897","0.8054099746407438","51.5306","1033.076","8.073","23800996454400","3679","8.01719856262207","0.000001087251970644197","0.3371","0.40904681700084095","517.7625","454.649","7.106"
"malbert-classifier-E3087743FB","abf6054250e0c8a1d8e6fe8f41b58839b94136f6","312","https://github.com/Henry-Ash-Williams/MalBERT/tree/abf6054250e0c8a1d8e6fe8f41b58839b94136f6","","vili","""Pretrained y960obdk""","NVIDIA RTX A6000","8","classifier, uses-pretrained","./MalBERTA-pretrained-classifier","[""RobertaForMaskedLM""]","0.01","gelu_new","0.001","64","256","0.01","130","395458","2","6","./MalBERTA-pretrained-classifier","512","256","./MalBERTA-pretrained-classifier","1","float32","0.8478673849116507","0.8459580616173136","0.35523369908332825","0.849420964137001","0.8478673849116507","76.0091","1516.674","2.973","109621127683584","1833","3.296166181564331","9.274413529732678e-7","0.3212","0.3745443080854234","306.9086","1528.237","5.972"
"malbert-classifier-E3087743FB","abf6054250e0c8a1d8e6fe8f41b58839b94136f6","407","https://github.com/Henry-Ash-Williams/MalBERT/tree/abf6054250e0c8a1d8e6fe8f41b58839b94136f6","","vili","""Pretrained npm6yqj3""","NVIDIA RTX A6000","8","classifier, uses-pretrained","./MalBERTA-pretrained-classifier","[""RobertaForMaskedLM""]","0.001","relu","0.1","48","96","0.025","34","123170","12","3","./MalBERTA-pretrained-classifier","1024","512","./MalBERTA-pretrained-classifier","1","float32","0.754885550272646","0.7480514182002237","0.5267459750175476","0.7552852807612881","0.754885550272646","77.8011","6258.202","6.118","19563480378624","3349","0.5147182941436768","7.464914899970141e-7","0.3677","0.4099129796134924","401.9592","4265.662","8.332"
"malbert-classifier-E3087743FB","abf6054250e0c8a1d8e6fe8f41b58839b94136f6","279","https://github.com/Henry-Ash-Williams/MalBERT/tree/abf6054250e0c8a1d8e6fe8f41b58839b94136f6","","vili","""Pretrained nkummfgi""","NVIDIA RTX A6000","8","classifier, uses-pretrained","./MalBERTA-pretrained-classifier","[""RobertaForMaskedLM""]","0.01","relu","0.1","22","88","0.01","66","42704","11","2","./MalBERTA-pretrained-classifier","1024","512","./MalBERTA-pretrained-classifier","1","float32","0.7286782928992065","0.7193476051873849","0.5726986527442932","0.7536999327812135","0.7286782928992065","66.2065","3321.501","3.247","4480068323328","1783","1.6453120708465576","0.0000023555804823331466","0.4438","0.5327499398206368","274.9674","3318.987","6.484"
"malbert-classifier-E3087743FB","abf6054250e0c8a1d8e6fe8f41b58839b94136f6","396","https://github.com/Henry-Ash-Williams/MalBERT/tree/abf6054250e0c8a1d8e6fe8f41b58839b94136f6","","vili","""Pretrained c976kqlz""","NVIDIA RTX A6000","8","classifier, uses-pretrained","./MalBERTA-pretrained-classifier","[""RobertaForMaskedLM""]","0.001","relu","0.1","24","48","0.01","34","42314","12","2","./MalBERTA-pretrained-classifier","2048","1024","./MalBERTA-pretrained-classifier","1","float32","0.788022201861261","0.7831913121338883","0.46889957785606384","0.7909250355831112","0.788022201861261","78.3741","5055.023","2.475","3864060596352","1883","0.6161763668060303","0.0000022304832713754648","0.4445","0.5101690976086666","391.2378","4926.27","4.813"
"malbert-classifier-ab021bBa2A","3836a927084d4a8abc187fae8257787836c30352","1737","","","vili","-","NVIDIA RTX A6000","8","classifier","","","0.001","gelu_new","0.01","512","2048","0.01","34","23011330","4","7","/its/home/hw452/programming/MalBERT/MalBERTa-classifier","256","128","/its/home/hw452/programming/MalBERT/MalBERTa-classifier","1","","0.8084171320484822","0.805573758539049","0.3757840394973755","0.8180900796054782","0.8084171320484822","147.9458","3005.269","11.741","7712027221628160","14053","1.1255282163619995","1.921297943499609e-7","0.3539","0.375605799469296","1616.8679","1112.441","8.691"
"malbert-classifier-F7855383BF","3836a927084d4a8abc187fae8257787836c30352","628","","","vili","-","NVIDIA RTX A6000","8","classifier","","","0.001","gelu_new","0.1","16","128","0.01","130","39298","1","3","/its/home/hw452/programming/MalBERT/MalBERTa-classifier","128","64","/its/home/hw452/programming/MalBERT/MalBERTa-classifier","1","","0.8252064513855443","0.8252037622307979","0.3786346912384033","0.8252978944348492","0.8252064513855443","42.8129","1988.395","15.556","6701046163968","8256","11.409172058105469","3.4520348837209304e-7","0.354","0.4157835612463397","517.8239","1020.345","15.944"
"malbert-classifier-Db5Ad62e9c","3836a927084d4a8abc187fae8257787836c30352","3450","","","vili","-","NVIDIA RTX A6000","8","classifier","","","0.01","gelu_new","0.1","640","10240","0.01","66","104614402","5","7","/its/home/hw452/programming/MalBERT/MalBERTa-classifier","512","256","/its/home/hw452/programming/MalBERT/MalBERTa-classifier","1","","0.8253983573933386","0.8259833867113575","0.35380786657333374","0.8279768145246682","0.8253983573933386","316.5785","687.289","1.342","33724841225131010","3307","1.1988765001296997","1.2095554883580284e-7","0.3643","0.4020185438859199","3322.9259","254.762","0.995"
"malbert-classifier-28be2E158A","3836a927084d4a8abc187fae8257787836c30352","635","","","vili","-","NVIDIA RTX A6000","8","classifier","","","0.001","gelu_new","0.25","64","1024","0.025","130","840834","1","5","/its/home/hw452/programming/MalBERT/MalBERTa-classifier","256","128","/its/home/hw452/programming/MalBERT/MalBERTa-classifier","1","","0.8104436447151221","0.8089906304616474","0.4446551203727722","0.8096555296097939","0.8104436447151221","63.8625","1527.233","5.966","268462799433216","3643","3.740852117538452","6.038978863573977e-7","0.3628","0.401289763700625","534.9264","871.651","6.81"
"malbert-classifier-886B02c169","3836a927084d4a8abc187fae8257787836c30352","2306","","","vili","-","NVIDIA RTX A6000","8","classifier","","","0.001","gelu_new","0.1","512","4096","0.01","130","53509634","4","10","/its/home/hw452/programming/MalBERT/MalBERTa-classifier","256","128","/its/home/hw452/programming/MalBERT/MalBERTa-classifier","1","","0.8716044962452771","0.8714806294326536","0.3481972813606262","0.8786266049693106","0.8716044962452771","197.7309","536.755","2.099","18783321143408640","3621","0.9958125352859496","3.03783485225076e-7","0.2697","0.30585287987478066","2209.9058","209.683","1.639"
"malbert-classifier-4D5Aa87eb4","3836a927084d4a8abc187fae8257787836c30352","1037","","","vili","-","NVIDIA RTX A6000","8","classifier","","","0.001","silu","0.25","128","1024","0.025","34","1506434","4","4","/its/home/hw452/programming/MalBERT/MalBERTa-classifier","256","128","/its/home/hw452/programming/MalBERT/MalBERTa-classifier","1","","0.8643966088350792","0.861343245059068","0.31422045826911926","0.8706204152558322","0.8643966088350792","83.2234","5005.947","19.562","492822373843200","15005","1.0265498161315918","1.999333555481506e-8","0.3651","0.3737944927663654","920.9796","2085.386","16.292"
"malbert-classifier-903eFD2D1E","3836a927084d4a8abc187fae8257787836c30352","3628","","","vili","-","NVIDIA RTX A6000","8","classifier","","","0.01","gelu_new","0.001","640","10240","0.01","34","89832322","5","6","/its/home/hw452/programming/MalBERT/MalBERTa-classifier","256","128","/its/home/hw452/programming/MalBERT/MalBERTa-classifier","1","","0.8145810578474656","0.806041056022453","0.3523940443992615","0.8185028285893412","0.8145810578474656","418.7987","1401.32","5.475","29681676175462270","13573","1.268834352493286","2.726000147351359e-7","0.3148","0.3466102316517789","3494.0149","497.231","3.885"
"malbert-classifier-23f8CFF5Ec","3836a927084d4a8abc187fae8257787836c30352","1972","","","vili","-","NVIDIA RTX A6000","8","classifier","","","0.1","gelu_new","0.25","64","512","0.01","34","587458","2","6","/its/home/hw452/programming/MalBERT/MalBERTa-classifier","128","64","/its/home/hw452/programming/MalBERT/MalBERTa-classifier","1","","0.8285924439379424","0.8225394070490151","0.3517771065235138","0.8346500852191528","0.8285924439379424","114.8256","3836.202","29.976","175804669233792","28474","1.7455840110778809","1.316990939102339e-7","0.413","0.4176051878749952","1858.071","980.754","15.324"
"malbert-classifier-42b3B69B33","3836a927084d4a8abc187fae8257787836c30352","888","","","vili","-","NVIDIA RTX A6000","8","classifier","","","0.001","silu","0.25","224","1792","0.025","34","5385410","7","5","/its/home/hw452/programming/MalBERT/MalBERTa-classifier","512","256","/its/home/hw452/programming/MalBERT/MalBERTa-classifier","1","","0.8391026199065336","0.8374145109969736","0.34534457325935364","0.8405103307040843","0.8391026199065336","86.4271","5449.346","10.645","1819251251980800","7275","1.8082877397537231","5.223367697594502e-7","0.3845","0.4042208652561883","773.1648","2408.672","9.409"
"malbert-classifier-C6B00806b9","3836a927084d4a8abc187fae8257787836c30352","3609","","","vili","-","NVIDIA RTX A6000","8","classifier","","","0.25","silu","0.01","160","1280","0.01","18","4354082","5","8","/its/home/hw452/programming/MalBERT/MalBERTa-classifier","128","64","/its/home/hw452/programming/MalBERT/MalBERTa-classifier","1","","0.7848881444625078","0.7782058941825222","0.41444242000579834","0.7823352854675745","0.7848881444625078","204.6471","4463.562","34.875","1336464794070912","52490","2.50932240486145","8.66831777481425e-8","0.4121","0.4267516741004983","3493.0487","961.712","15.027"
"malbert-classifier-4bFB56E1Fe","3836a927084d4a8abc187fae8257787836c30352","2032","","","vili","-","NVIDIA RTX A6000","8","classifier","","","0.1","gelu_new","0.1","128","1024","0.01","34","2496002","2","7","/its/home/hw452/programming/MalBERT/MalBERTa-classifier","128","64","/its/home/hw452/programming/MalBERT/MalBERTa-classifier","1","","0.8953248956068207","0.8958715130258643","0.24560005962848663","0.8972899769029856","0.8953248956068207","131.3984","3293.334","25.731","755959720493952","26449","3.383944034576416","9.452153200499077e-8","0.3448","0.35808162252196896","1923.7395","879.91","13.749"
"malbert-classifier-85e4Fb26df","3836a927084d4a8abc187fae8257787836c30352","1440","","","vili","-","NVIDIA RTX A6000","8","classifier","","","0.01","gelu_new","0.001","256","2048","0.01","66","12250626","4","9","/its/home/hw452/programming/MalBERT/MalBERTa-classifier","256","128","/its/home/hw452/programming/MalBERT/MalBERTa-classifier","1","","0.8307189143991918","0.8271769204572151","0.3632637858390808","0.8266847564223333","0.8307189143991918","142.932","1606.526","6.276","4242642194596608","7253","2.4410276412963867","3.7225975458430994e-7","0.3532","0.37184291252116247","1329.6498","698.121","5.455"
"malbert-classifier-2cDbb4B1C3","3836a927084d4a8abc187fae8257787836c30352","2342","","","vili","-","NVIDIA RTX A6000","8","classifier","","","0.001","gelu_new","0.1","48","192","0.025","34","320738","6","9","/its/home/hw452/programming/MalBERT/MalBERTa-classifier","128","64","/its/home/hw452/programming/MalBERT/MalBERTa-classifier","1","","0.7544669009958992","0.7477694116941143","0.5053377151489258","0.7899154242652187","0.7544669009958992","133.8729","3264.23","25.502","80315551060992","25433","4.794999122619629","6.684229151102897e-8","0.4011","0.41342726377367867","2236.1321","727.91","11.374"
"malbert-classifier-B4DDECC032","3836a927084d4a8abc187fae8257787836c30352","1680","","","vili","-","NVIDIA RTX A6000","8","classifier","","","0.01","silu","0.01","256","1024","0.025","66","8312578","4","10","/its/home/hw452/programming/MalBERT/MalBERTa-classifier","128","64","/its/home/hw452/programming/MalBERT/MalBERTa-classifier","1","","0.8034529319274059","0.8017696917008879","0.33963868021965027","0.8080737215143813","0.8034529319274059","99.8246","2255.376","17.621","2787178280173056","14240","3.6274702548980713","1.4396067415730337e-7","0.3646","0.3878125192074294","1549.8575","588.014","9.188"
"malbert-classifier-9eafEfaEC8","3836a927084d4a8abc187fae8257787836c30352","1498","","","vili","-","NVIDIA RTX A6000","8","classifier","","","0.1","gelu_new","0.01","128","2048","0.025","130","6722562","2","11","/its/home/hw452/programming/MalBERT/MalBERTa-classifier","128","64","/its/home/hw452/programming/MalBERT/MalBERTa-classifier","1","","0.7731167411503713","0.7671833508369648","0.3821595311164856","0.8243126837104328","0.7731167411503713","132.8008","936.832","7.319","2496688839575040","7767","2.126277208328247","4.37749452813184e-7","0.3085","0.33641039476410617","1379.6222","360.285","5.63"
"malbert-classifier-ce46cBdDD9","3836a927084d4a8abc187fae8257787836c30352","1323","","","vili","-","NVIDIA RTX A6000","8","classifier","","","0.001","gelu_new","0.25","256","2048","0.01","130","14897154","4","11","/its/home/hw452/programming/MalBERT/MalBERTa-classifier","128","64","/its/home/hw452/programming/MalBERT/MalBERTa-classifier","1","","0.8658869364964195","0.8588750284862152","0.3098851442337036","0.8674655726762465","0.8658869364964195","165.4481","766.379","5.99","4662336593763840","6528","1.5036154985427856","2.221200980392157e-7","0.3531","0.374692925781596","1278.9781","326.615","5.104"
"malbert-classifier-1cb01aF7a3","3836a927084d4a8abc187fae8257787836c30352","977","","","vili","-","NVIDIA RTX A6000","8","classifier","","","0.25","gelu_new","0.001","384","1536","0.01","34","16629506","3","9","/its/home/hw452/programming/MalBERT/MalBERTa-classifier","128","64","/its/home/hw452/programming/MalBERT/MalBERTa-classifier","1","","0.8213079465021005","0.8198792077301432","0.46736472845077515","0.8359113563000911","0.8213079465021005","67.3037","5701.264","44.544","5201383405815168","26260","2.1204895973205566","1.1614623000761616e-7","0.3702","0.39376893657268863","937.7218","1792.217","28.004"
"malbert-classifier-d9CA6cAA9C","3836a927084d4a8abc187fae8257787836c30352","1159","","","vili","-","NVIDIA RTX A6000","8","classifier","","","0.1","gelu_new","0.01","320","2560","0.01","66","21073602","5","10","/its/home/hw452/programming/MalBERT/MalBERTa-classifier","256","128","/its/home/hw452/programming/MalBERT/MalBERTa-classifier","1","","0.8779302848765198","0.8758307549234621","0.2874946594238281","0.8808223241301651","0.8779302848765198","84.0431","2353.614","9.198","7473238671803904","7368","1.7589935064315796","4.682410423452769e-7","0.3245","0.34934316111180475","1118.2226","843.283","6.589"
"malbert-classifier-Cde0bda9F1","3836a927084d4a8abc187fae8257787836c30352","492","","","vili","-","NVIDIA RTX A6000","8","classifier","","","0.001","gelu_new","0.01","96","768","0.01","66","1813826","3","9","/its/home/hw452/programming/MalBERT/MalBERTa-classifier","128","64","/its/home/hw452/programming/MalBERT/MalBERTa-classifier","1","","0.8614526411657559","0.8588242393786408","0.29523158073425293","0.8662288121392555","0.8614526411657559","36.8917","5952.561","46.515","577919890279680","13971","2.497615337371826","2.576766158471119e-7","0.3442","0.3741665320614518","455.4548","1963.082","30.675"
"malbert-classifier-91948525Bc","3836a927084d4a8abc187fae8257787836c30352","201","","","vili","-","NVIDIA RTX A6000","8","classifier","","","0.01","gelu_new","0.001","64","256","0.01","130","395458","2","6","/its/home/hw452/programming/MalBERT/MalBERTa-classifier","512","256","/its/home/hw452/programming/MalBERT/MalBERTa-classifier","1","","0.8000344349129506","0.7983599300375829","0.42555880546569824","0.8133726506771735","0.8000344349129506","24.5509","4021.733","7.861","109115125407744","1824","6.414934158325195","6.853070175438596e-7","0.3422","0.3975878472913775","165.8444","2815.073","10.998"
"malbert-classifier-cfceFB3bc2","3836a927084d4a8abc187fae8257787836c30352","193","","","vili","-","NVIDIA RTX A6000","8","classifier","","","0.001","relu","0.1","48","96","0.025","34","123170","12","3","/its/home/hw452/programming/MalBERT/MalBERTa-classifier","1024","512","/its/home/hw452/programming/MalBERT/MalBERTa-classifier","1","","0.8024375884659226","0.7969418815376217","0.4056483209133148","0.8061432392061888","0.8024375884659226","24.4703","19574.637","19.125","21058904767104","3605","1.1178158521652222","8.321775312066576e-8","0.4164","0.45205702993310937","154.5742","11940.461","23.322"
"malbert-classifier-DdDE33Df03","3836a927084d4a8abc187fae8257787836c30352","331","","","vili","-","NVIDIA RTX A6000","8","classifier","","","0.1","gelu_new","0.25","128","256","0.025","130","1524098","2","10","/its/home/hw452/programming/MalBERT/MalBERTa-classifier","128","64","/its/home/hw452/programming/MalBERT/MalBERTa-classifier","1","","0.790219298245614","0.7861237967647586","0.4278786778450012","0.788351302505488","0.790219298245614","23.9093","3814.419","29.821","480698494299648","7289","2.2355334758758545","6.173686376732062e-7","0.3597","0.3918039063102899","299.2864","1558.577","24.355"
"malbert-classifier-FC30C9203d","3836a927084d4a8abc187fae8257787836c30352","251","","","vili","-","NVIDIA RTX A6000","8","classifier","","","0.001","gelu_new","0.1","48","192","0.01","130","325346","3","9","/its/home/hw452/programming/MalBERT/MalBERTa-classifier","256","128","/its/home/hw452/programming/MalBERT/MalBERTa-classifier","1","","0.8393969075771357","0.8385253562065212","0.34170106053352356","0.8423375400067242","0.8393969075771357","26.1264","4376.576","17.109","93480815021568","3701","1.9328080415725708","2.701972439881113e-8","0.4031","0.44272615272784294","211.5986","2238.338","17.491"
"malbert-classifier-4ef815ED28","3836a927084d4a8abc187fae8257787836c30352","724","","","vili","-","NVIDIA RTX A6000","8","classifier","","","0.001","relu","0.1","288","2304","0.01","130","17132258","9","10","/its/home/hw452/programming/MalBERT/MalBERTa-classifier","1024","512","/its/home/hw452/programming/MalBERT/MalBERTa-classifier","1","","0.7990125046959695","0.7942441124520224","0.47928309440612793","0.8097455943444825","0.7990125046959695","59.3933","1882.334","1.852","6111874263763968","930","4.966582298278809","0.0000016666666666666669","0.3553","0.3806620156893166","685.0737","694.679","1.358"
"malbert-classifier-3b49F29b71","3836a927084d4a8abc187fae8257787836c30352","447","","","vili","-","NVIDIA RTX A6000","8","classifier","","","0.001","gelu_new","0.001","128","1024","0.01","130","3168002","1","9","/its/home/hw452/programming/MalBERT/MalBERTa-classifier","256","128","/its/home/hw452/programming/MalBERT/MalBERTa-classifier","1","","0.7931262392597488","0.7860167804440229","0.46697378158569336","0.81406089009547","0.7931262392597488","43.4881","2887.662","11.29","1103603771381760","3761","8.36734390258789","8.242488699813881e-7","0.3219","0.3564245416204589","404.1936","1190.726","9.305"
"malbert-classifier-20c9a0Ac08","3836a927084d4a8abc187fae8257787836c30352","960","","","vili","-","NVIDIA RTX A6000","8","classifier","","","0.001","relu","0.1","1152","4608","0.01","18","34724738","9","2","/its/home/hw452/programming/MalBERT/MalBERTa-classifier","2048","1024","/its/home/hw452/programming/MalBERT/MalBERTa-classifier","1","","0.7675636235252582","0.7579775039352821","0.436518132686615","0.7942006382419138","0.7675636235252582","75.7897","11211.619","5.476","13044220322533056","3996","0.509517252445221","0.0000012137137137137138","0.3648","0.3843660230512495","914.7852","4472.142","4.368"
"malbert-classifier-Ee2e6DcB0A","3836a927084d4a8abc187fae8257787836c30352","231","","","vili","-","NVIDIA RTX A6000","8","classifier","","","0.1","gelu_new","0.1","32","32","0.01","258","115490","1","10","/its/home/hw452/programming/MalBERT/MalBERTa-classifier","128","64","/its/home/hw452/programming/MalBERT/MalBERTa-classifier","1","","0.8022651911629579","0.800260781135422","0.434487521648407","0.8142189778878105","0.8022651911629579","18.1727","2754.787","21.571","23638716933120","3654","4.171738624572754","7.52599890530925e-7","0.3884","0.43183669354919535","194.4614","1202.269","18.79"
"malbert-classifier-4527ef6AC5","3836a927084d4a8abc187fae8257787836c30352","180","","","vili","-","NVIDIA RTX A6000","8","classifier","","","0.01","relu","0.1","22","88","0.01","66","42704","11","2","/its/home/hw452/programming/MalBERT/MalBERTa-classifier","1024","512","/its/home/hw452/programming/MalBERT/MalBERTa-classifier","1","","0.8073274017676656","0.8043629479675831","0.4339385628700256","0.8111055317327474","0.8073274017676656","30.6735","8837.976","8.639","4791788470272","1907","0.9781919121742249","2.0975353959098061e-7","0.4243","0.5101704850019306","144.0473","6776.332","13.239"
"malbert-classifier-Fb84991f5c","3836a927084d4a8abc187fae8257787836c30352","334","","","vili","-","NVIDIA RTX A6000","8","classifier","","","0.001","silu","0.1","176","352","0.05","34","2263538","11","8","/its/home/hw452/programming/MalBERT/MalBERTa-classifier","1024","512","/its/home/hw452/programming/MalBERT/MalBERTa-classifier","1","","0.7682380169453022","0.7586128687999619","0.4474478363990784","0.7645920254145502","0.7682380169453022","31.5391","14096.991","13.792","767281040876160","3846","1.0750508308410645","6.110244409776391e-7","0.3614","0.3805397378859022","290.6819","6772.98","13.231"
"malbert-classifier-f8824cB46a","3836a927084d4a8abc187fae8257787836c30352","426","","","vili","-","NVIDIA RTX A6000","8","classifier","","","0.01","gelu_new","0.001","128","1024","0.025","130","3168002","1","9","/its/home/hw452/programming/MalBERT/MalBERTa-classifier","1024","512","/its/home/hw452/programming/MalBERT/MalBERTa-classifier","1","","0.8101758081503686","0.8084659953529082","0.40554746985435486","0.8273781147147256","0.8101758081503686","45.3266","2723.126","2.67","1063204981386240","906","1.263804316520691","3.863134657836645e-7","0.3472","0.39179691994690213","385.1612","1203.823","2.352"
"malbert-classifier-7baEc82b1A","3836a927084d4a8abc187fae8257787836c30352","1802","","","vili","-","NVIDIA RTX A6000","8","classifier","","","0.001","silu","0.1","768","3072","0.025","130","79653890","12","11","/its/home/hw452/programming/MalBERT/MalBERTa-classifier","256","128","/its/home/hw452/programming/MalBERT/MalBERTa-classifier","1","","0.722255237664016","0.7226045687993505","0.8401928544044495","0.7314745338290581","0.722255237664016","149.8645","707.379","2.769","24988708313178624","3236","2.76663875579834","5.716934487021014e-7","0.2455","0.2944801681858058","1758.6581","235.504","1.84"
"malbert-classifier-395AEAC0CC","3836a927084d4a8abc187fae8257787836c30352","173","","","vili","-","NVIDIA RTX A6000","8","classifier","","","0.001","relu","0.1","24","48","0.01","34","42314","12","2","/its/home/hw452/programming/MalBERT/MalBERTa-classifier","2048","1024","/its/home/hw452/programming/MalBERT/MalBERTa-classifier","1","","0.8300598349534","0.8270771468075803","0.4221018254756927","0.8293825360295239","0.8300598349534","25.1435","16092.152","7.875","3433311556224","1673","1.2475802898406982","0.000002211595935445308","0.4626","0.5471906439672312","135.2597","12660.767","12.369"
"malbert-classifier-1EA1803ADE","3836a927084d4a8abc187fae8257787836c30352","602","","","vili","-","NVIDIA RTX A6000","8","classifier","","","0.01","silu","0.1","384","1536","0.05","18","7751042","12","4","/its/home/hw452/programming/MalBERT/MalBERTa-classifier","256","128","/its/home/hw452/programming/MalBERT/MalBERTa-classifier","1","","0.780713547742537","0.7832487429297669","0.4109208583831787","0.8262113065882578","0.780713547742537","34.734","19422.718","75.891","2757044706453312","30960","1.162774682044983","9.85142118863049e-8","0.3077","0.3295311703546411","559.9696","7076.783","55.289"
"malbert-classifier-E3087743FB","1b1b9f32a9e8e1726a75989280b4232325097505","119001","","","vili","-","NVIDIA RTX A6000","8","classifier","/its/home/hw452/programming/MalBERT/MalBERTa-classifier-pretrained","[""RobertaForMaskedLM""]","0.01","gelu_new","0.001","1280","10240","0.05","34","396821762","10","12","/its/home/hw452/programming/MalBERT/MalBERTa-classifier-pretrained","128","64","/its/home/hw452/programming/MalBERT/MalBERTa-classifier-pretrained","1","float32","0.6279866758107181","0.4844846347399075","0.6621942520141602","0.394367264995796","0.6279866758107181","638.7946","798.927","3.122","143521280001146110","14780","0.7059134840965271","2.7401894451962114e-7","0.6757","0.6766427653084266","7650.4268","247.285","1.932"
"malbert-classifier-336E50D9ec","3836a927084d4a8abc187fae8257787836c30352","1312","","","vili","-","NVIDIA RTX A6000","8","classifier","","","0.1","gelu_new","0.25","768","1536","0.025","66","30000386","6","6","/its/home/hw452/programming/MalBERT/MalBERTa-classifier","128","64","/its/home/hw452/programming/MalBERT/MalBERTa-classifier","1","","0.7712093140282257","0.7616112063990559","0.4761221706867218","0.7689227192927329","0.7712093140282257","96.1899","2727.042","21.312","11158129189546752","15680","2.4614338874816895","2.582908163265307e-7","0.2672","0.2917525061539241","1192.2741","841.68","13.151"
"malbert-classifier-C7A4dD0Dea","3836a927084d4a8abc187fae8257787836c30352","761","","","vili","-","NVIDIA RTX A6000","8","classifier","","","0.001","relu","0.25","288","1152","0.025","66","7469570","9","7","/its/home/hw452/programming/MalBERT/MalBERTa-classifier","2048","1024","/its/home/hw452/programming/MalBERT/MalBERTa-classifier","1","","0.7990770128780417","0.795104090121589","0.3795475661754608","0.8136663311732905","0.7990770128780417","91.9685","2384.383","1.174","2292399243793920","824","0.8373844623565674","0.000001516990291262136","0.3552","0.3917750988191771","663.2924","1271.599","1.242"
"malbert-classifier-c55Ae70017","3836a927084d4a8abc187fae8257787836c30352","791","","","vili","-","NVIDIA RTX A6000","8","classifier","","","0.25","gelu_new","0.001","128","512","0.01","514","2231170","2","10","/its/home/hw452/programming/MalBERT/MalBERTa-classifier","128","64","/its/home/hw452/programming/MalBERT/MalBERTa-classifier","1","","0.7901815242154774","0.7795467907285478","0.5722756385803223","0.822074051971786","0.7901815242154774","101.8305","267.248","2.092","754043360329728","1918","2.8488800525665283","4.953076120959333e-7","0.2867","0.3480621885830717","660.5105","185.832","2.904"
"malbert-classifier-E3087743FB","3836a927084d4a8abc187fae8257787836c30352","2704","","","vili","-","NVIDIA RTX A6000","8","classifier","/its/home/hw452/programming/MalBERT/MalBERTa-classifier-pretrained","[""RobertaForMaskedLM""]","0.01","silu","0.001","320","640","0.025","34","7110722","10","8","/its/home/hw452/programming/MalBERT/MalBERTa-classifier-pretrained","128","64","/its/home/hw452/programming/MalBERT/MalBERTa-classifier-pretrained","1","float32","0.855541345945033","0.8544004259414432","0.29497209191322327","0.8610198086722806","0.855541345945033","42.4345","9766.354","76.306","2240893699560192","27277","3.028553009033203","1.4297760017597245e-7","0.3003","0.32147302168504793","671.1317","2601.126","40.643"
"malbert-classifier-E3087743FB","3836a927084d4a8abc187fae8257787836c30352","2128","","","vili","-","NVIDIA RTX A6000","8","classifier","/its/home/hw452/programming/MalBERT/MalBERTa-classifier-pretrained","[""RobertaForMaskedLM""]","0.001","gelu_new","0.01","288","576","0.075","34","5800610","9","8","/its/home/hw452/programming/MalBERT/MalBERTa-classifier-pretrained","512","256","/its/home/hw452/programming/MalBERT/MalBERTa-classifier-pretrained","1","float32","0.8232855834852026","0.8223291457008538","0.35783079266548157","0.8294979085113935","0.8232855834852026","80.9355","4223.747","8.253","1890263704606080","7098","1.5024564266204834","6.973795435333898e-7","0.3185","0.33440439531117233","960.4179","1891.952","7.391"
"malbert-classifier-7eDE7FcE20","3836a927084d4a8abc187fae8257787836c30352","3819","","","vili","-","NVIDIA RTX A6000","8","classifier","","","0.001","silu","0.25","1408","5632","0.01","66","170559490","11","7","/its/home/hw452/programming/MalBERT/MalBERTa-classifier","2048","1024","/its/home/hw452/programming/MalBERT/MalBERTa-classifier","1","","0.8564488766505409","0.8565614736664757","0.299057275056839","0.8569619992967105","0.8564488766505409","311.9425","636.807","0.311","57377202830760960","866","0.6007462739944458","0.0000038683602771362595","0.3292","0.3889319858154579","3685.2959","240.416","0.235"
"malbert-classifier-bFFeDDE0fE","3836a927084d4a8abc187fae8257787836c30352","661","","","vili","-","NVIDIA RTX A6000","8","classifier","","","0.001","relu","0.01","192","384","0.025","258","2414978","12","7","/its/home/hw452/programming/MalBERT/MalBERTa-classifier","2048","1024","/its/home/hw452/programming/MalBERT/MalBERTa-classifier","1","","0.8041005148144148","0.8045314430030078","0.4056228697299957","0.8218232570913309","0.8041005148144148","72.5028","766.232","0.386","805209405293568","242","0.32248082756996155","0.000008884297520661157","0.429","0.48107572035356","554.4835","446.59","0.436"
"malbert-classifier-E3087743FB","3836a927084d4a8abc187fae8257787836c30352","2838","","","vili","-","NVIDIA RTX A6000","8","classifier","/its/home/hw452/programming/MalBERT/MalBERTa-classifier-pretrained","[""RobertaForMaskedLM""]","0.01","gelu_new","0.001","176","352","0.025","34","2513282","11","9","/its/home/hw452/programming/MalBERT/MalBERTa-classifier-pretrained","256","128","/its/home/hw452/programming/MalBERT/MalBERTa-classifier-pretrained","1","float32","0.8508602410845465","0.8479711455844499","0.307275652885437","0.8547001230932856","0.8508602410845465","119.8323","3998.656","15.622","759113803392768","13551","1.8389450311660769","1.9186775883698621e-7","0.3026","0.31098989229537966","1333.7198","1300.443","10.16"
"malbert-classifier-35e2562a12","3836a927084d4a8abc187fae8257787836c30352","797","","","vili","-","NVIDIA RTX A6000","8","classifier","","","0.001","silu","0.1","352","1408","0.025","130","9575458","11","6","/its/home/hw452/programming/MalBERT/MalBERTa-classifier","1024","512","/its/home/hw452/programming/MalBERT/MalBERTa-classifier","1","","0.8352696908147145","0.8332415802448259","0.3346248269081116","0.836352998782099","0.8352696908147145","89.8934","1232.293","1.213","2923360270087680","820","1.6828186511993408","0.0000012804878048780488","0.3756","0.40716783593340616","687.0226","610.578","1.194"
"malbert-classifier-9a0Ded05AC","3836a927084d4a8abc187fae8257787836c30352","3325","","","vili","-","NVIDIA RTX A6000","8","classifier","","","0.001","silu","0.1","1536","3072","0.025","66","117803522","12","6","/its/home/hw452/programming/MalBERT/MalBERTa-classifier","128","64","/its/home/hw452/programming/MalBERT/MalBERTa-classifier","1","","0.798161963954199","0.7950836087162407","0.42720457911491394","0.836969872240425","0.798161963954199","325.1271","800.207","6.253","38400112531689980","13504","1.483270287513733","1.8513033175355453e-8","0.3003","0.34178447733099143","3176.9792","272.019","4.251"
"malbert-classifier-E3087743FB","3836a927084d4a8abc187fae8257787836c30352","4041","","","vili","-","NVIDIA RTX A6000","8","classifier","/its/home/hw452/programming/MalBERT/MalBERTa-classifier-pretrained","[""RobertaForMaskedLM""]","0.001","silu","0.001","640","5120","0.025","130","42338562","10","5","/its/home/hw452/programming/MalBERT/MalBERTa-classifier-pretrained","1024","512","/its/home/hw452/programming/MalBERT/MalBERTa-classifier-pretrained","1","float32","0.8418442641734268","0.8361860447325791","0.38589850068092346","0.8562111264416323","0.8418442641734268","140.2362","777.938","0.763","14206107404861952","873","1.2553508281707764","0.000004238258877434135","0.263","0.28868950519365133","1348.1799","331.192","0.648"
"malbert-classifier-E3087743FB","3836a927084d4a8abc187fae8257787836c30352","2821","","","vili","-","NVIDIA RTX A6000","8","classifier","/its/home/hw452/programming/MalBERT/MalBERTa-classifier-pretrained","[""RobertaForMaskedLM""]","0.01","silu","0.001","576","1152","0.025","34","19723394","9","7","/its/home/hw452/programming/MalBERT/MalBERTa-classifier-pretrained","512","256","/its/home/hw452/programming/MalBERT/MalBERTa-classifier-pretrained","1","float32","0.8305770622903219","0.8279130065899909","0.3831184506416321","0.8353723284965021","0.8305770622903219","139.2404","3581.439","6.995","7367189513774208","7907","1.12695050239563","5.0588086505627924e-8","0.2263","0.25580229235461316","1294.3175","1563.711","6.109"
"malbert-classifier-E3087743FB","3836a927084d4a8abc187fae8257787836c30352","3590","","","vili","-","NVIDIA RTX A6000","8","classifier","/its/home/hw452/programming/MalBERT/MalBERTa-classifier-pretrained","[""RobertaForMaskedLM""]","0.01","gelu_new","0.001","640","1280","0.05","130","37446402","10","11","/its/home/hw452/programming/MalBERT/MalBERTa-classifier-pretrained","256","128","/its/home/hw452/programming/MalBERT/MalBERTa-classifier-pretrained","1","float32","0.8022561498855835","0.7954882303561056","0.5685470104217529","0.824831788963771","0.8022561498855835","151.0529","740.615","2.893","13832707035260928","3852","0.9940996766090392","6.879543094496366e-7","0.2215","0.24848332855684116","1690.3976","291.64","2.279"
"malbert-classifier-eef15FdcAb","3836a927084d4a8abc187fae8257787836c30352","611","","","vili","-","NVIDIA RTX A6000","8","classifier","","","0.01","relu","0.001","40","40","0.025","130","148762","5","9","/its/home/hw452/programming/MalBERT/MalBERTa-classifier","256","128","/its/home/hw452/programming/MalBERT/MalBERTa-classifier","1","","0.7426550818347141","0.7415982566178659","0.4826314449310303","0.8125060333741665","0.7426550818347141","69.7494","1773.851","6.939","31448703676416","3485","12.044301986694336","0.0000012338593974175038","0.3304","0.38738510263188497","502.6603","887.391","6.933"
"malbert-classifier-E3087743FB","3836a927084d4a8abc187fae8257787836c30352","4844","","","vili","-","NVIDIA RTX A6000","8","classifier","/its/home/hw452/programming/MalBERT/MalBERTa-classifier-pretrained","[""RobertaForMaskedLM""]","0.25","relu","0.25","1536","6144","0.075","34","61069826","12","2","/its/home/hw452/programming/MalBERT/MalBERTa-classifier-pretrained","128","64","/its/home/hw452/programming/MalBERT/MalBERTa-classifier-pretrained","1","float32","0.7244068182141283","0.7231508898379709","0.6073693037033081","0.7974766761861237","0.7244068182141283","183.7043","2297.421","17.953","21625160686951680","29813","1.4845629930496216","2.3479690068091105e-8","0.2741","0.30391145132366343","2277.5838","837.743","13.09"
"malbert-classifier-bb0B19AF75","3836a927084d4a8abc187fae8257787836c30352","1509","","","vili","-","NVIDIA RTX A6000","8","classifier","","","0.1","gelu","0.01","160","2560","0.05","66","9500002","5","10","/its/home/hw452/programming/MalBERT/MalBERTa-classifier","128","64","/its/home/hw452/programming/MalBERT/MalBERTa-classifier","1","","0.7558478335203549","0.7530373448565129","0.5551782250404358","0.8007983305410012","0.7558478335203549","104.3667","1989.532","15.551","3238933926511872","14199","2.0792298316955566","3.521374744700331e-7","0.2976","0.3251517081111239","1399.1732","649.44","10.148"
"malbert-classifier-ffEBDE76A4","3836a927084d4a8abc187fae8257787836c30352","1182","","","vili","-","NVIDIA RTX A6000","8","classifier","","","0.001","relu","0.01","144","288","0.025","34","1050050","9","5","/its/home/hw452/programming/MalBERT/MalBERTa-classifier","256","128","/its/home/hw452/programming/MalBERT/MalBERTa-classifier","1","","0.8013510004567777","0.79718383237023","0.398442268371582","0.8131754894767761","0.8013510004567777","116.4005","4532.703","17.706","324147758843136","15358","1.6572134494781494","1.9208230238312282e-7","0.4007","0.4142943787254973","1046.0384","1879.287","14.682"
"malbert-classifier-E3087743FB","3836a927084d4a8abc187fae8257787836c30352","1584","","","vili","-","NVIDIA RTX A6000","8","classifier","/its/home/hw452/programming/MalBERT/MalBERTa-classifier-pretrained","[""RobertaForMaskedLM""]","0.01","silu","0.01","224","448","0.05","34","3983618","7","9","/its/home/hw452/programming/MalBERT/MalBERTa-classifier-pretrained","1024","512","/its/home/hw452/programming/MalBERT/MalBERTa-classifier-pretrained","1","float32","0.8618140357607144","0.861029733318132","0.3185206949710846","0.8610736112707775","0.8618140357607144","99.256","4727.472","4.624","1249251747204096","3448","0.8860433101654053","7.105568445475638e-7","0.3424","0.3597275076775429","694.6275","2541.114","4.964"
"malbert-classifier-0ccAb21C9c","3836a927084d4a8abc187fae8257787836c30352","13897","","","vili","-","NVIDIA RTX A6000","8","classifier","","","0.001","silu","0.25","768","3072","0.01","34","79580162","12","11","/its/home/hw452/programming/MalBERT/MalBERTa-classifier","1024","512","/its/home/hw452/programming/MalBERT/MalBERTa-classifier","1","","0.8449925469261074","0.8436635404353332","0.34282606840133667","0.8439632199664546","0.8449925469261074","211.3808","2008.967","1.963","27421326073666560","3551","0.8622086644172668","7.321881160236553e-7","0.3915","0.41763825659616266","2282.6181","796.436","1.556"
"malbert-classifier-c72732fE0d","3836a927084d4a8abc187fae8257787836c30352","11587","","","vili","-","NVIDIA RTX A6000","8","classifier","","","0.001","relu","0.1","352","1408","0.01","18","12518882","11","8","/its/home/hw452/programming/MalBERT/MalBERTa-classifier","1024","512","/its/home/hw452/programming/MalBERT/MalBERTa-classifier","1","","0.7902321658088988","0.7819568156692186","0.37759530544281006","0.8033767216296992","0.7902321658088988","125.8087","7340.675","7.17","4078992618824448","6883","1.0070828199386597","6.101990411157926e-7","0.3289","0.3476528609438066","1134.4706","3106.326","6.067"
"malbert-classifier-3e2c2Ccc6b","3836a927084d4a8abc187fae8257787836c30352","10427","","","vili","-","NVIDIA RTX A6000","8","classifier","","","0.001","silu","0.25","352","2816","0.05","34","10529378","11","4","/its/home/hw452/programming/MalBERT/MalBERTa-classifier","256","128","/its/home/hw452/programming/MalBERT/MalBERTa-classifier","1","","0.8255547096736046","0.820413445313968","0.42590799927711487","0.8332546818485369","0.8255547096736046","129.6809","4173.199","16.302","3569721355878912","14436","1.1886245012283323","1.2815184261568305e-7","0.3734","0.39599765328100495","1063.3271","1737.742","13.576"
"malbert-classifier-e95ebFfCb5","3836a927084d4a8abc187fae8257787836c30352","9327","","","vili","-","NVIDIA RTX A6000","8","classifier","","","0.001","relu","0.1","384","1536","0.025","66","16641794","12","9","/its/home/hw452/programming/MalBERT/MalBERTa-classifier","512","256","/its/home/hw452/programming/MalBERT/MalBERTa-classifier","1","","0.8754828942952421","0.8766776647667556","0.283389687538147","0.8812899847966935","0.8754828942952421","119.6996","2339.874","4.578","5617979738519808","3546","0.6952999234199524","6.627185561195714e-7","0.2925","0.32189224187223775","906.8527","1000.827","3.91"
"malbert-classifier-5EEfE3b244","3836a927084d4a8abc187fae8257787836c30352","8386","","","vili","-","NVIDIA RTX A6000","8","classifier","","","0.1","gelu_new","0.01","256","1024","0.01","130","6749442","2","8","/its/home/hw452/programming/MalBERT/MalBERTa-classifier","256","128","/its/home/hw452/programming/MalBERT/MalBERTa-classifier","1","","0.8470704982427124","0.8458042689280326","0.32264479994773865","0.8474323210227598","0.8470704982427124","96.9037","1247.888","4.881","2302598944169472","3669","6.024521827697754","9.539384028345598e-7","0.3118","0.3398003639269018","786.5852","596.977","4.664"
"malbert-classifier-b0C0A8a5Ca","3836a927084d4a8abc187fae8257787836c30352","7562","","","vili","-","NVIDIA RTX A6000","8","classifier","","","0.001","gelu","0.001","32","64","0.075","514","84674","1","3","/its/home/hw452/programming/MalBERT/MalBERTa-classifier","512","256","/its/home/hw452/programming/MalBERT/MalBERTa-classifier","1","","0.5783782225041814","0.42387985781552445","0.6720724105834961","0.33452136826709633","0.5783782225041814","70.067","494.926","0.97","9741931567104","462","0.1725846230983734","0.000006818181818181818","0.6719","0.6786105498607025","358.9356","329.443","1.287"
"malbert-classifier-E1DF8b174E","3836a927084d4a8abc187fae8257787836c30352","7165","","","vili","-","NVIDIA RTX A6000","8","classifier","","","0.25","silu","0.01","320","320","0.1","34","3616962","5","5","/its/home/hw452/programming/MalBERT/MalBERTa-classifier","1024","512","/its/home/hw452/programming/MalBERT/MalBERTa-classifier","1","","0.7878939490505363","0.783848795556236","0.38522130250930786","0.810615388006426","0.7878939490505363","73.7973","6527.242","6.382","1169332374519936","3727","1.80354642868042","3.756372417493963e-7","0.3727","0.3949105158100379","635.7548","3001.124","5.862"
"malbert-classifier-07Edeaef5A","3836a927084d4a8abc187fae8257787836c30352","6480","","","vili","-","NVIDIA RTX A6000","8","classifier","","","0.001","silu","0.001","256","1024","0.025","130","3590402","2","4","/its/home/hw452/programming/MalBERT/MalBERTa-classifier","256","128","/its/home/hw452/programming/MalBERT/MalBERTa-classifier","1","","0.8206236916191438","0.816923110785785","0.3235970139503479","0.8461001689009693","0.8206236916191438","84.7917","1633.767","6.392","1057295243695104","3335","0.9443360567092896","5.397301349325338e-7","0.2947","0.32080828939778155","487.8865","874.724","6.836"
"malbert-classifier-E092f9b522","3836a927084d4a8abc187fae8257787836c30352","5983","","","vili","-","NVIDIA RTX A6000","8","classifier","","","0.25","silu","0.001","176","704","0.075","514","2968066","11","7","/its/home/hw452/programming/MalBERT/MalBERTa-classifier","2048","1024","/its/home/hw452/programming/MalBERT/MalBERTa-classifier","1","","0.8138801261829653","0.8122273585800128","0.43236398696899414","0.8118558083910473","0.8138801261829653","78.746","354.253","0.178","932568214542336","112","1.1331441402435305","0.000005803571428571429","0.5821","0.5695866303784507","599.7452","191.016","0.187"
"malbert-classifier-ccaAa47c4F","3836a927084d4a8abc187fae8257787836c30352","5283","","","vili","-","NVIDIA RTX A6000","8","classifier","","","0.25","silu","0.1","16","256","0.1","514","77346","1","5","/its/home/hw452/programming/MalBERT/MalBERTa-classifier","2048","1024","/its/home/hw452/programming/MalBERT/MalBERTa-classifier","1","","0.6199139520590043","0.4754996588877279","0.6895301342010498","0.4209159087290941","0.6199139520590043","48.3946","504.291","0.248","17701707565056","117","0.031014250591397285","0.000007692307692307694","0.6925","0.6924512977274055","296.9436","400.787","0.394"
"malbert-classifier-5de7Ed5aCA","3836a927084d4a8abc187fae8257787836c30352","4976","","","vili","-","NVIDIA RTX A6000","8","classifier","","","0.25","gelu","0.25","4","16","0.075","34","7790","4","10","/its/home/hw452/programming/MalBERT/MalBERTa-classifier","2048","1024","/its/home/hw452/programming/MalBERT/MalBERTa-classifier","1","","0.7011652957305131","0.5943224077690243","0.6548742651939392","0.6777646478243049","0.7011652957305131","93.8738","4351.372","2.131","849526118784","1744","0.17525967955589294","0.0000012901376146788992","0.6705","0.6803810498036376","502.6779","3552.094","3.469"
"malbert-classifier-E0ce177DeD","3836a927084d4a8abc187fae8257787836c30352","1041","","","vili","-","NVIDIA RTX A6000","8","classifier","","","0.01","relu","0.25","20","40","0.1","18","40422","5","4","/its/home/hw452/programming/MalBERT/MalBERTa-classifier","512","256","/its/home/hw452/programming/MalBERT/MalBERTa-classifier","1","","0.7944400118406066","0.7930129976454895","0.411766916513443","0.7931996947422518","0.7944400118406066","117.2662","8700.016","16.996","4953228465024","14212","1.7242106199264526","4.5735997748381656e-8","0.4452","0.4719777241110164","907.2113","4010.248","15.666"
"malbert-classifier-fBC3c9c0EC","3836a927084d4a8abc187fae8257787836c30352","531","","","vili","-","NVIDIA RTX A6000","8","classifier","","","0.25","silu","0.01","36","72","0.075","130","106562","9","5","/its/home/hw452/programming/MalBERT/MalBERTa-classifier","256","128","/its/home/hw452/programming/MalBERT/MalBERTa-classifier","1","","0.8236839515890977","0.8237110377822376","0.3993382453918457","0.8241100269766842","0.8236839515890977","55.9828","1815.38","7.091","19866764703744","3655","7.680052757263184","7.660738714090288e-7","0.4264","0.460484709002577","428.6163","1091.41","8.527"
"malbert-classifier-E3087743FB","3836a927084d4a8abc187fae8257787836c30352","948","","","vili","-","NVIDIA RTX A6000","8","classifier","/its/home/hw452/programming/MalBERT/MalBERTa-classifier-pretrained","[""RobertaForMaskedLM""]","0.001","silu","0.01","56","112","0.01","130","185978","7","4","/its/home/hw452/programming/MalBERT/MalBERTa-classifier-pretrained","512","256","/its/home/hw452/programming/MalBERT/MalBERTa-classifier-pretrained","1","float32","0.847905175448891","0.8498477757853568","0.33013391494750977","0.8684717380851203","0.847905175448891","64.8411","1708.376","3.347","40946751372288","1961","2.618232011795044","0.000001580826109127996","0.3626","0.4164684680820058","405.6041","1237.349","4.835"
"malbert-classifier-63ADf2b4a6","3836a927084d4a8abc187fae8257787836c30352","1071","","","vili","-","NVIDIA RTX A6000","8","classifier","","","0.01","gelu_new","0.01","64","128","0.025","130","463746","2","11","/its/home/hw452/programming/MalBERT/MalBERTa-classifier","128","64","/its/home/hw452/programming/MalBERT/MalBERTa-classifier","1","","0.8024919243193355","0.7997989420769621","0.3891127705574035","0.8434137434293733","0.8024919243193355","74.7213","1305.049","10.198","135549246228480","7402","12.895654678344728","2.0264793299108347e-8","0.2521","0.2900157532347952","970.5441","488.052","7.627"
"malbert-classifier-B57fcbBa0b","3836a927084d4a8abc187fae8257787836c30352","606","","","vili","-","NVIDIA RTX A6000","8","classifier","","","0.001","silu","0.1","40","320","0.01","34","283682","10","7","/its/home/hw452/programming/MalBERT/MalBERTa-classifier","2048","1024","/its/home/hw452/programming/MalBERT/MalBERTa-classifier","1","","0.7752457827007752","0.7766248359938619","0.4529803395271301","0.7806704076784454","0.7752457827007752","62.8186","5419.458","2.658","83877053783040","1851","0.8880451321601868","0.0000014046461372231227","0.4363","0.47179805131167224","494.9384","3828.274","3.74"
"malbert-classifier-E3087743FB","3836a927084d4a8abc187fae8257787836c30352","1271","","","vili","-","NVIDIA RTX A6000","8","classifier","/its/home/hw452/programming/MalBERT/MalBERTa-classifier-pretrained","[""RobertaForMaskedLM""]","0.1","silu","0.001","1","8","0.025","66","1812","1","12","/its/home/hw452/programming/MalBERT/MalBERTa-classifier-pretrained","512","256","/its/home/hw452/programming/MalBERT/MalBERTa-classifier-pretrained","1","float32","0.569171658469009","0.4129011316970078","0.6852898001670837","0.32395637680436223","0.569171658469009","59.3216","3492.37","6.827","147541304832","3321","0.0664813444018364","3.31225534477567e-7","0.684","0.6861393689319549","552.6276","1538.195","6.009"
"malbert-classifier-E3087743FB","3836a927084d4a8abc187fae8257787836c30352","1065","","","vili","-","NVIDIA RTX A6000","8","classifier","/its/home/hw452/programming/MalBERT/MalBERTa-classifier-pretrained","[""RobertaForMaskedLM""]","0.25","relu","0.001","192","192","0.075","514","1054274","12","3","/its/home/hw452/programming/MalBERT/MalBERTa-classifier-pretrained","2048","1024","/its/home/hw452/programming/MalBERT/MalBERTa-classifier-pretrained","1","float32","0.5936931003757796","0.5772016706236747","0.6579596400260925","0.6484569910897388","0.5936931003757796","53.9235","478.697","0.241","241002405875712","109","0.3511078357696533","0.000004587155963302753","0.6554","0.6529642770049768","380.7769","291.357","0.286"
"malbert-classifier-E3087743FB","3836a927084d4a8abc187fae8257787836c30352","653","","","vili","-","NVIDIA RTX A6000","8","classifier","/its/home/hw452/programming/MalBERT/MalBERTa-classifier-pretrained","[""RobertaForMaskedLM""]","0.25","relu","0.25","40","80","0.1","130","177922","10","9","/its/home/hw452/programming/MalBERT/MalBERTa-classifier-pretrained","512","256","/its/home/hw452/programming/MalBERT/MalBERTa-classifier-pretrained","1","float32","0.8055374821072863","0.8049881946504913","0.46194714307785034","0.8057838210531469","0.8055374821072863","85.6359","1166.578","2.289","43288804482048","1821","3.387418746948242","6.040637012630423e-7","0.4757","0.5697587975298292","412.1271","1130.666","4.419"
"malbert-classifier-6Dd0b9ca80","3836a927084d4a8abc187fae8257787836c30352","2699","","","vili","-","NVIDIA RTX A6000","8","classifier","","","0.001","silu","0.1","1152","9216","0.01","66","109146242","9","4","/its/home/hw452/programming/MalBERT/MalBERTa-classifier","1024","512","/its/home/hw452/programming/MalBERT/MalBERTa-classifier","1","","0.7716600786888854","0.7640594234898276","0.4970840513706207","0.7776712360321314","0.7716600786888854","270.1587","807.207","0.788","40110217500966910","1897","1.280685544013977","0.0000025830258302583027","0.3323","0.3643945524047787","2632.616","368.813","0.721"
"malbert-classifier-E3087743FB","3836a927084d4a8abc187fae8257787836c30352","451","","","vili","-","NVIDIA RTX A6000","8","classifier","/its/home/hw452/programming/MalBERT/MalBERTa-classifier-pretrained","[""RobertaForMaskedLM""]","0.1","relu","0.25","160","160","0.025","130","719842","5","3","/its/home/hw452/programming/MalBERT/MalBERTa-classifier-pretrained","2048","1024","/its/home/hw452/programming/MalBERT/MalBERTa-classifier-pretrained","1","float32","0.7612164379735344","0.7555192206183776","0.4999786913394928","0.8076590573985785","0.7612164379735344","22.4812","5095.986","2.491","182187033842688","471","0.6877378821372986","0.000007643312101910828","0.4228","0.5088166036423604","148.6623","3243.311","3.168"
"malbert-classifier-E3087743FB","3836a927084d4a8abc187fae8257787836c30352","1075","","","vili","-","NVIDIA RTX A6000","8","classifier","/its/home/hw452/programming/MalBERT/MalBERTa-classifier-pretrained","[""RobertaForMaskedLM""]","0.01","gelu","0.1","144","576","0.075","514","2788850","9","10","/its/home/hw452/programming/MalBERT/MalBERTa-classifier-pretrained","512","256","/its/home/hw452/programming/MalBERT/MalBERTa-classifier-pretrained","1","float32","0.7506521469090307","0.7418442985264221","0.5612486600875854","0.7716315622516291","0.7506521469090307","36.4732","662.158","1.316","927903260411904","467","2.3477659225463867","0.00000728051391862955","0.3818","0.4597887410852077","468.3027","255.089","0.997"
"malbert-classifier-3A09ABfADE","3836a927084d4a8abc187fae8257787836c30352","1514","","","vili","-","NVIDIA RTX A6000","8","classifier","","","0.01","gelu_new","0.001","768","1536","0.01","130","48957698","6","10","/its/home/hw452/programming/MalBERT/MalBERTa-classifier","256","128","/its/home/hw452/programming/MalBERT/MalBERTa-classifier","1","","0.7901803545641687","0.7867322735258769","0.5831436514854431","0.814447256167201","0.7901803545641687","105.8122","922.776","3.61","16903572459652608","3593","1.6416443586349487","0.0000013080990815474537","0.2918","0.32381309522017776","1472.1418","312.362","2.441"
"malbert-classifier-83eef24D3B","3836a927084d4a8abc187fae8257787836c30352","412","","","vili","-","NVIDIA RTX A6000","8","classifier","","","0.01","relu","0.1","144","576","0.025","34","1716914","9","6","/its/home/hw452/programming/MalBERT/MalBERTa-classifier","256","128","/its/home/hw452/programming/MalBERT/MalBERTa-classifier","1","","0.8134790988952825","0.8113277748110254","0.36330661177635193","0.8144005350432789","0.8134790988952825","28.9267","14760.984","57.663","516499355632128","13776","2.8457276821136475","2.7947154471544716e-7","0.3697","0.38896349498203825","373.3332","4722.89","36.9"
"malbert-classifier-1db3eEafDC","3836a927084d4a8abc187fae8257787836c30352","628","","","vili","-","NVIDIA RTX A6000","8","classifier","","","0.001","gelu_new","0.01","768","3072","0.01","18","15777026","12","2","/its/home/hw452/programming/MalBERT/MalBERTa-classifier","1024","512","/its/home/hw452/programming/MalBERT/MalBERTa-classifier","1","","0.7978410272466188","0.7952890860966324","0.39059460163116455","0.8032145397954997","0.7978410272466188","67.4373","15345.276","14.992","5174865230383680","7129","0.7051739692687988","2.10408191892271e-7","0.4016","0.42317908320893144","585.7053","6231.398","12.172"
"malbert-classifier-eE2AaBbf1e","3836a927084d4a8abc187fae8257787836c30352","383","","","vili","-","NVIDIA RTX A6000","8","classifier","","","0.01","gelu_new","0.01","96","768","0.01","130","1819970","3","9","/its/home/hw452/programming/MalBERT/MalBERTa-classifier","256","128","/its/home/hw452/programming/MalBERT/MalBERTa-classifier","1","","0.7989625332288325","0.7952764862018815","0.41425779461860657","0.8214627248181069","0.7989625332288325","38.6153","3205.022","12.534","619815923171328","3746","8.71216869354248","6.273358248798718e-7","0.3435","0.3691088230420228","341.0244","1405.929","10.985"
"malbert-classifier-E3087743FB","3836a927084d4a8abc187fae8257787836c30352","2007","","","vili","-","NVIDIA RTX A6000","8","classifier","/its/home/hw452/programming/MalBERT/MalBERTa-classifier-pretrained","[""RobertaForMaskedLM""]","0.001","gelu_new","0.001","512","8192","0.025","258","29409282","8","3","/its/home/hw452/programming/MalBERT/MalBERTa-classifier-pretrained","256","128","/its/home/hw452/programming/MalBERT/MalBERTa-classifier-pretrained","1","float32","0.8983797015143489","0.8973502127193121","0.21854838728904724","0.9036535332229612","0.8983797015143489","99.3481","551.022","2.154","9149291954027520","1627","0.5882523655891418","8.604794099569761e-7","0.2405","0.2679198223458673","967.0467","215.258","1.682"
"malbert-classifier-1BFACE2021","3836a927084d4a8abc187fae8257787836c30352","386","","","vili","-","NVIDIA RTX A6000","8","classifier","","","0.01","gelu_new","0.1","128","512","0.01","258","2198402","4","10","/its/home/hw452/programming/MalBERT/MalBERTa-classifier","128","64","/its/home/hw452/programming/MalBERT/MalBERTa-classifier","1","","0.8400775427237823","0.8392934336921594","0.32749390602111816","0.8423108779917993","0.8400775427237823","32.4574","1636.975","12.817","727851743087616","3703","16.009204864501953","5.401026194977045e-8","0.3697","0.3953535847814541","347.5417","681.82","10.655"
"malbert-classifier-eFf3fB60b1","3836a927084d4a8abc187fae8257787836c30352","324","","","vili","-","NVIDIA RTX A6000","8","classifier","","","0.01","gelu_new","0.001","96","384","0.025","130","1264802","3","10","/its/home/hw452/programming/MalBERT/MalBERTa-classifier","256","128","/its/home/hw452/programming/MalBERT/MalBERTa-classifier","1","","0.846936148300721","0.8488918411219298","0.3301089406013489","0.852421273911832","0.846936148300721","31.9017","3652.469","14.294","416693770813440","3758","4.054090976715088","7.849920170303353e-7","0.3961","0.4228463109469655","285.0106","1687.516","13.185"
"malbert-classifier-E3087743FB","3836a927084d4a8abc187fae8257787836c30352","644","","","vili","-","NVIDIA RTX A6000","8","classifier","/its/home/hw452/programming/MalBERT/MalBERTa-classifier-pretrained","[""RobertaForMaskedLM""]","0.01","relu","0.001","44","704","0.1","514","294098","11","3","/its/home/hw452/programming/MalBERT/MalBERTa-classifier-pretrained","256","128","/its/home/hw452/programming/MalBERT/MalBERTa-classifier-pretrained","1","float32","0.7628073770491803","0.758731704353056","0.5095934271812439","0.765981610898908","0.7628073770491803","25.8411","1133.077","4.45","80615360851968","956","4.325136184692383","0.0000029811715481171553","0.4449","0.5350009088236917","215.2822","568.157","4.441"
"malbert-classifier-E3087743FB","3836a927084d4a8abc187fae8257787836c30352","528","","","vili","-","NVIDIA RTX A6000","8","classifier","/its/home/hw452/programming/MalBERT/MalBERTa-classifier-pretrained","[""RobertaForMaskedLM""]","0.01","silu","0.1","32","64","0.075","130","132194","8","10","/its/home/hw452/programming/MalBERT/MalBERTa-classifier-pretrained","1024","512","/its/home/hw452/programming/MalBERT/MalBERTa-classifier-pretrained","1","float32","0.8912950369279304","0.8907955838281275","0.3980788588523865","0.8908324114091393","0.8912950369279304","21.9362","4363.885","4.285","28637840415744","841","2.4110875129699707","0.0000024970273483947683","0.481","0.5873220763506986","174.3886","2468.383","4.823"
"malbert-classifier-bDbcD5eDB3","3836a927084d4a8abc187fae8257787836c30352","1271","","","vili","-","NVIDIA RTX A6000","8","classifier","","","0.001","gelu","0.25","88","352","0.01","18","688074","11","6","/its/home/hw452/programming/MalBERT/MalBERTa-classifier","128","64","/its/home/hw452/programming/MalBERT/MalBERTa-classifier","1","","0.7123908899125184","0.6988144227826222","0.7414312958717346","0.7691373936355688","0.7123908899125184","48.6249","17001.336","132.833","224613780720576","63845","1.317168951034546","3.6024747435194625e-8","0.3821","0.39188854953342545","1228.2578","3326.677","51.98"
"malbert-classifier-c3aa5D2D94","3836a927084d4a8abc187fae8257787836c30352","375","","","vili","-","NVIDIA RTX A6000","8","classifier","","","0.001","relu","0.1","256","512","0.01","34","5150722","8","9","/its/home/hw452/programming/MalBERT/MalBERTa-classifier","2048","1024","/its/home/hw452/programming/MalBERT/MalBERTa-classifier","1","","0.7889835838862994","0.7869602629988133","0.4218757748603821","0.8023866939766665","0.7889835838862994","45.3311","10591.797","5.184","1708490713727616","1807","0.5960310697555542","2.2136137244050914e-7","0.3643","0.3915477867738674","335.0762","5520.198","5.393"
"malbert-classifier-d3D4348105","3836a927084d4a8abc187fae8257787836c30352","311","","","vili","-","NVIDIA RTX A6000","8","classifier","","","0.001","relu","0.1","176","704","0.01","34","2883586","11","7","/its/home/hw452/programming/MalBERT/MalBERTa-classifier","1024","512","/its/home/hw452/programming/MalBERT/MalBERTa-classifier","1","","0.8648991301919959","0.8629929674229392","0.3207189440727234","0.8643664333187038","0.8648991301919959","25.5702","13726.82","13.414","915187520335104","3514","0.6667982935905457","2.134319863403529e-7","0.4248","0.44778133374964846","268.0334","6711.156","13.11"
"malbert-classifier-aB20BfDD1B","3836a927084d4a8abc187fae8257787836c30352","932","","","vili","-","NVIDIA RTX A6000","8","classifier","","","0.001","silu","0.1","704","2816","0.01","34","31216770","11","5","/its/home/hw452/programming/MalBERT/MalBERTa-classifier","2048","1024","/its/home/hw452/programming/MalBERT/MalBERTa-classifier","1","","0.8774719838103808","0.8760045392776435","0.2664635181427002","0.881294138352793","0.8774719838103808","82.6617","5404.029","2.649","11266275634600320","1893","0.6254987716674805","0.0000024828314844162706","0.3299","0.3524672553077049","885.7579","2187.669","2.137"
"malbert-classifier-E3087743FB","3836a927084d4a8abc187fae8257787836c30352","3029","","","vili","-","NVIDIA RTX A6000","8","classifier","/its/home/hw452/programming/MalBERT/MalBERTa-classifier-pretrained","[""RobertaForMaskedLM""]","0.1","silu","0.001","576","576","0.025","34","25056578","9","12","/its/home/hw452/programming/MalBERT/MalBERTa-classifier-pretrained","128","64","/its/home/hw452/programming/MalBERT/MalBERTa-classifier-pretrained","1","float32","0.891691208722351","0.8908386413841547","0.2775603234767914","0.8922766410029328","0.891691208722351","82.3691","5424.997","42.395","9113696939030400","30533","2.5701680183410645","5.567746372776996e-8","0.2285","0.25179644358426334","1283.0483","1522.977","23.797"
"malbert-classifier-ee533BE63C","3836a927084d4a8abc187fae8257787836c30352","1048","","","vili","-","NVIDIA RTX A6000","8","classifier","","","0.001","relu","0.01","384","3072","0.01","66","27272450","12","9","/its/home/hw452/programming/MalBERT/MalBERTa-classifier","2048","1024","/its/home/hw452/programming/MalBERT/MalBERTa-classifier","1","","0.7804828321692945","0.7740544155824067","0.4448038041591644","0.7922693030525895","0.7804828321692945","62.2564","3072.582","1.51","8636878394999040","822","0.9640312790870668","0.0000013990267639902678","0.3454","0.37753654744503273","946.8427","888.015","0.868"
"malbert-classifier-E557Bfb4B3","3836a927084d4a8abc187fae8257787836c30352","1082","","","vili","-","NVIDIA RTX A6000","8","classifier","","","0.001","relu","0.1","352","1408","0.01","34","14015938","11","9","/its/home/hw452/programming/MalBERT/MalBERTa-classifier","512","256","/its/home/hw452/programming/MalBERT/MalBERTa-classifier","1","","0.8709330198833808","0.8710893721389918","0.294893741607666","0.8712889192017965","0.8709330198833808","119.9347","3787.887","7.404","4066264064947584","6107","1.049725890159607","6.549860815457674e-8","0.3474","0.37139144099166665","972.9542","1606.613","6.277"
"malbert-classifier-A3c66E9c41","3836a927084d4a8abc187fae8257787836c30352","1128","","","vili","-","NVIDIA RTX A6000","8","classifier","","","0.001","gelu","0.01","40","80","0.025","66","215082","10","12","/its/home/hw452/programming/MalBERT/MalBERTa-classifier","256","128","/its/home/hw452/programming/MalBERT/MalBERTa-classifier","1","","0.7480046948356808","0.7394491490548172","0.5045948624610901","0.7832270549256646","0.7480046948356808","99.3869","2571.767","10.052","61258745040384","7757","3.3717474937438965","3.738558721155086e-7","0.3794","0.4009162518755898","1026.9137","966.798","7.554"
"malbert-classifier-D88Af5bCbF","3836a927084d4a8abc187fae8257787836c30352","957","","","vili","-","NVIDIA RTX A6000","8","classifier","","","0.001","relu","0.1","176","704","0.025","18","2132770","11","5","/its/home/hw452/programming/MalBERT/MalBERTa-classifier","1024","512","/its/home/hw452/programming/MalBERT/MalBERTa-classifier","1","","0.8246131960749822","0.8194397100738247","0.3585756719112396","0.8244825736900695","0.8246131960749822","112.6321","8126.079","7.937","685724365545408","7336","1.922268033027649","2.521810250817885e-7","0.3736","0.39289300236343166","839.0426","4476.27","8.743"
"malbert-classifier-E3087743FB","3836a927084d4a8abc187fae8257787836c30352","3791","","","vili","-","NVIDIA RTX A6000","8","classifier","/its/home/hw452/programming/MalBERT/MalBERTa-classifier-pretrained","[""RobertaForMaskedLM""]","0.1","gelu_new","0.01","160","1280","0.1","66","5391202","5","10","/its/home/hw452/programming/MalBERT/MalBERTa-classifier-pretrained","128","64","/its/home/hw452/programming/MalBERT/MalBERTa-classifier-pretrained","1","float32","0.876410280618485","0.8737107288402076","0.26236143708229065","0.8814964561396399","0.876410280618485","115.9151","2010.273","15.71","2098728850643712","16507","2.1000547409057617","2.4232143938935e-8","0.2988","0.3179522931355512","1812.2308","582.933","9.109"
"malbert-classifier-cAaC4Ef508","3836a927084d4a8abc187fae8257787836c30352","812","","","vili","-","NVIDIA RTX A6000","8","classifier","","","0.1","gelu_new","0.1","160","160","0.01","66","1640802","5","9","/its/home/hw452/programming/MalBERT/MalBERTa-classifier","512","256","/its/home/hw452/programming/MalBERT/MalBERTa-classifier","1","","0.7764633551697089","0.7670827435481716","0.44598233699798584","0.7939437030327685","0.7764633551697089","89.9257","2622.666","5.126","528934366802688","3781","3.859906911849976","0.0000010843692144935204","0.3703","0.392782069551538","709.4029","1364.304","5.33"
"malbert-classifier-95dfaC1e2a","3836a927084d4a8abc187fae8257787836c30352","1164","","","vili","-","NVIDIA RTX A6000","8","classifier","","","0.1","gelu_new","0.1","128","512","0.025","130","2380290","2","11","/its/home/hw452/programming/MalBERT/MalBERTa-classifier","128","64","/its/home/hw452/programming/MalBERT/MalBERTa-classifier","1","","0.8407499877612963","0.8378666035890134","0.40060165524482727","0.8431826383395082","0.8407499877612963","81.0057","1260.837","9.851","814176815293440","7537","4.305690765380859","2.520896908584318e-7","0.353","0.37408701469114675","1051.059","458.88","7.171"
"malbert-classifier-E3087743FB","3836a927084d4a8abc187fae8257787836c30352","2692","","","vili","-","NVIDIA RTX A6000","8","classifier","/its/home/hw452/programming/MalBERT/MalBERTa-classifier-pretrained","[""RobertaForMaskedLM""]","0.001","gelu_new","0.1","9","36","0.01","66","24347","9","11","/its/home/hw452/programming/MalBERT/MalBERTa-classifier-pretrained","2048","1024","/its/home/hw452/programming/MalBERT/MalBERTa-classifier-pretrained","1","float32","0.5689660305457144","0.4126569187764382","0.6836242079734802","0.32372234391494675","0.5689660305457144","104.3315","2575.56","1.265","4560355506432","958","0.15119805932044983","0.0000030793319415448853","0.6706","0.6779416946379277","606.4898","1617.363","1.58"
"malbert-classifier-AbF63136f9","3836a927084d4a8abc187fae8257787836c30352","1504","","","vili","-","NVIDIA RTX A6000","8","classifier","","","0.1","relu","0.1","112","448","0.05","18","1223938","7","7","/its/home/hw452/programming/MalBERT/MalBERTa-classifier","512","256","/its/home/hw452/programming/MalBERT/MalBERTa-classifier","1","","0.7457197988961936","0.7428327689251959","0.49777382612228394","0.7808794174014192","0.7457197988961936","101.725","8161.394","15.945","421592592593664","15929","1.3121570348739624","9.416786992278236e-8","0.4062","0.4236276930009693","1386.2811","2941.421","11.49"
"malbert-classifier-E3087743FB","3836a927084d4a8abc187fae8257787836c30352","1153","","","vili","-","NVIDIA RTX A6000","8","classifier","/its/home/hw452/programming/MalBERT/MalBERTa-classifier-pretrained","[""RobertaForMaskedLM""]","0.25","gelu_new","0.25","1","1","0.05","66","1496","1","8","/its/home/hw452/programming/MalBERT/MalBERTa-classifier-pretrained","1024","512","/its/home/hw452/programming/MalBERT/MalBERTa-classifier-pretrained","1","float32","0.5519589648220907","0.3926117967718285","0.6893146634101868","0.304658698847474","0.5519589648220907","109.4341","2397.872","2.348","50631585792","1894","0.12480206042528152","0.00000250791974656811","0.6861","0.6882858155521445","504.4977","1921.729","3.754"
"malbert-classifier-Dc1dd54C11","3836a927084d4a8abc187fae8257787836c30352","913","","","vili","-","NVIDIA RTX A6000","8","classifier","","","0.25","gelu_new","0.1","256","1024","0.025","130","6749442","2","8","/its/home/hw452/programming/MalBERT/MalBERTa-classifier","256","128","/its/home/hw452/programming/MalBERT/MalBERTa-classifier","1","","0.8065488112862492","0.797519588639225","0.4260505735874176","0.8238600899433648","0.8065488112862492","94.6928","1212.658","4.742","2331383085937152","3715","1.0635501146316528","2.153432032301481e-7","0.2843","0.31292707474042397","792.6823","599.79","4.687"
"malbert-classifier-B8aaa42972","3836a927084d4a8abc187fae8257787836c30352","1081","","","vili","-","NVIDIA RTX A6000","8","classifier","","","0.001","relu","0.01","36","288","0.01","34","181946","9","5","/its/home/hw452/programming/MalBERT/MalBERTa-classifier","256","128","/its/home/hw452/programming/MalBERT/MalBERTa-classifier","1","","0.780620688217762","0.7704618075935322","0.4039123356342316","0.789553023197371","0.780620688217762","99.2728","4833.047","18.887","47228646273792","14327","3.1201233863830566","9.77175961471348e-8","0.4521","0.4696605349815157","967.163","1896.063","14.813"
"malbert-classifier-E3087743FB","3836a927084d4a8abc187fae8257787836c30352","2272","","","vili","-","NVIDIA RTX A6000","8","classifier","/its/home/hw452/programming/MalBERT/MalBERTa-classifier-pretrained","[""RobertaForMaskedLM""]","0.01","relu","0.1","6","48","0.1","66","13160","3","6","/its/home/hw452/programming/MalBERT/MalBERTa-classifier-pretrained","128","64","/its/home/hw452/programming/MalBERT/MalBERTa-classifier-pretrained","1","float32","0.5907816437892502","0.4388068620240728","0.6765912771224976","0.34902295063832856","0.5907816437892502","85.2879","2563.424","20.038","1633680000000","13295","0.17419563233852386","3.610379842045882e-7","0.6731","0.6765600657095449","1016.8369","836.786","13.075"
"malbert-classifier-0A0D7f456A","3836a927084d4a8abc187fae8257787836c30352","913","","","vili","-","NVIDIA RTX A6000","8","classifier","","","0.1","silu","0.1","72","72","0.1","18","418250","9","10","/its/home/hw452/programming/MalBERT/MalBERTa-classifier","2048","1024","/its/home/hw452/programming/MalBERT/MalBERTa-classifier","1","","0.7453279728292004","0.7311892152608066","0.49645692110061646","0.7459299602029646","0.7453279728292004","115.7294","8446.601","4.13","111302675657664","3497","0.7675919532775879","0.0000014012010294538176","0.4288","0.45629885103281886","798.2862","4485.57","4.381"
"malbert-classifier-E3087743FB","3836a927084d4a8abc187fae8257787836c30352","1492","","","vili","-","NVIDIA RTX A6000","8","classifier","/its/home/hw452/programming/MalBERT/MalBERTa-classifier-pretrained","[""RobertaForMaskedLM""]","0.1","silu","0.1","3","24","0.1","18","4886","3","4","/its/home/hw452/programming/MalBERT/MalBERTa-classifier-pretrained","2048","1024","/its/home/hw452/programming/MalBERT/MalBERTa-classifier-pretrained","1","float32","0.7275038338651217","0.7252786060355062","0.6395552754402161","0.7235342771940761","0.7275038338651217","101.1334","9117.125","4.459","323438246400","3464","0.32440078258514404","9.382217090069284e-7","0.651","0.6704791335530975","615.155","5765.168","5.631"
"malbert-classifier-aeeAE84768","3836a927084d4a8abc187fae8257787836c30352","1780","","","vili","-","NVIDIA RTX A6000","8","classifier","","","0.1","gelu_new","0.1","48","192","0.05","18","93794","6","1","/its/home/hw452/programming/MalBERT/MalBERTa-classifier","128","64","/its/home/hw452/programming/MalBERT/MalBERTa-classifier","1","","0.7813855994371753","0.7767472302308958","0.4163125455379486","0.7946834919670099","0.7813855994371753","140.9011","6375.577","49.815","10983067752576","58006","2.053096294403076","6.033858566355205e-9","0.4363","0.443087767244343","1658.2727","2238.68","34.98"
"malbert-classifier-E3087743FB","3836a927084d4a8abc187fae8257787836c30352","1441","","","vili","-","NVIDIA RTX A6000","8","classifier","/its/home/hw452/programming/MalBERT/MalBERTa-classifier-pretrained","[""RobertaForMaskedLM""]","0.25","gelu_new","0.25","20","20","0.05","258","39342","10","3","/its/home/hw452/programming/MalBERT/MalBERTa-classifier-pretrained","1024","512","/its/home/hw452/programming/MalBERT/MalBERTa-classifier-pretrained","1","float32","0.5106138981065782","0.3451928428123068","0.6983091235160828","0.260726552939595","0.5106138981065782","47.5565","861.796","0.862","2804455449600","430","0.19325901567935944","0.000003604651162790698","0.6764","0.6806537362032159","382.2556","575.335","1.125"
"malbert-classifier-843D1Eb68F","3836a927084d4a8abc187fae8257787836c30352","1680","","","vili","-","NVIDIA RTX A6000","8","classifier","","","0.01","relu","0.25","128","512","0.05","18","978050","8","4","/its/home/hw452/programming/MalBERT/MalBERTa-classifier","256","128","/its/home/hw452/programming/MalBERT/MalBERTa-classifier","1","","0.8442988195698151","0.8432038296274803","0.3190630078315735","0.8432611227144385","0.8442988195698151","129.9447","6909.809","26.996","291434402601792","29277","1.7254680395126345","1.3321036991495033e-7","0.4004","0.4195590554908491","1554.4625","2410.7","18.834"
"malbert-classifier-fD67a8e7D5","3836a927084d4a8abc187fae8257787836c30352","680","","","vili","-","NVIDIA RTX A6000","8","classifier","","","0.01","gelu","0.1","160","640","0.075","258","2130402","5","6","/its/home/hw452/programming/MalBERT/MalBERTa-classifier","128","64","/its/home/hw452/programming/MalBERT/MalBERTa-classifier","1","","0.781414824656762","0.7688505582335486","0.4134580790996551","0.8088693487667493","0.781414824656762","62.6667","792.67","6.207","692038600295424","3741","3.6815433502197266","5.613472333600641e-7","0.3658","0.38146765198308624","564.8199","423.829","6.623"
"malbert-classifier-7019DB313D","3836a927084d4a8abc187fae8257787836c30352","733","","","vili","-","NVIDIA RTX A6000","8","classifier","","","0.001","gelu","0.1","10","20","0.01","66","23762","10","11","/its/home/hw452/programming/MalBERT/MalBERTa-classifier","512","256","/its/home/hw452/programming/MalBERT/MalBERTa-classifier","1","","0.7999218530486092","0.7905352696889386","0.4832870960235596","0.8019186257651925","0.7999218530486092","69.2088","3291.14","6.43","3262507335936","3266","3.006105661392212","0.0000010257195345988975","0.4695","0.5406451356681081","632.5628","1321.714","5.163"
"malbert-classifier-3CAE9D70Cd","3836a927084d4a8abc187fae8257787836c30352","2221","","","vili","-","NVIDIA RTX A6000","8","classifier","","","0.001","gelu","0.1","36","72","0.025","18","134822","9","8","/its/home/hw452/programming/MalBERT/MalBERTa-classifier","256","128","/its/home/hw452/programming/MalBERT/MalBERTa-classifier","1","","0.851488156501338","0.8448877506227178","0.3528488576412201","0.8483987830242797","0.851488156501338","131.3484","6139.656","23.99","29886938464320","27769","1.9378989934921265","1.2603982858583313e-7","0.4016","0.4187929439932755","2116.1471","1679.615","13.122"
"malbert-classifier-E3087743FB","3836a927084d4a8abc187fae8257787836c30352","4718","","","vili","-","NVIDIA RTX A6000","8","classifier","/its/home/hw452/programming/MalBERT/MalBERTa-classifier-pretrained","[""RobertaForMaskedLM""]","0.01","relu","0.1","10","40","0.1","34","22742","5","7","/its/home/hw452/programming/MalBERT/MalBERTa-classifier-pretrained","128","64","/its/home/hw452/programming/MalBERT/MalBERTa-classifier-pretrained","1","float32","0.74265340944998","0.7436835993548029","0.46668487787246704","0.7556514161914364","0.74265340944998","100.8466","3765.8","29.421","3513570937344","30220","1.7808667421340942","3.4745201853077446e-8","0.4586","0.4792319475460494","2272.6027","851.022","13.298"
"malbert-classifier-F1eDefE11D","3836a927084d4a8abc187fae8257787836c30352","1424","","","vili","-","NVIDIA RTX A6000","8","classifier","","","0.25","gelu_new","0.1","192","384","0.025","66","2675138","3","8","/its/home/hw452/programming/MalBERT/MalBERTa-classifier","128","64","/its/home/hw452/programming/MalBERT/MalBERTa-classifier","1","","0.8510348340512234","0.8487506941653867","0.28888148069381714","0.8535817875544999","0.8510348340512234","103.9191","2153.636","16.83","815494677173760","13746","1.0025614500045776","1.7095882438527573e-7","0.3261","0.35339504632127","1311.7707","670.643","10.479"